collection,catalog_title,catalog_url,collection_size
HMIS district level item wise and month wise comparison of various indicators,HMIS district level item wise and month wise comparison of various indicators of A & N Islands,https://data.gov.in/catalog/hmis-district-level-item-wise-and-month-wise-comparison-of-various-indicators-of-a-&-n-islands,75
HMIS district level item wise and month wise comparison of various indicators,HMIS district level item wise and month wise comparison of various indicators of All India,https://data.gov.in/catalog/hmis-district-level-item-wise-and-month-wise-comparison-of-various-indicators-of-all-india,75
HMIS district level item wise and month wise comparison of various indicators,HMIS district level item wise and month wise comparison of various indicators of Andhra Pradesh,https://data.gov.in/catalog/hmis-district-level-item-wise-and-month-wise-comparison-of-various-indicators-of-andhra-pradesh,75
HMIS district level item wise and month wise comparison of various indicators,HMIS district level item wise and month wise comparison of various indicators of Arunachal Pradesh,https://data.gov.in/catalog/hmis-district-level-item-wise-and-month-wise-comparison-of-various-indicators-of-arunachal-pradesh,75
HMIS district level item wise and month wise comparison of various indicators,HMIS district level item wise and month wise comparison of various indicators of Assam,https://data.gov.in/catalog/hmis-district-level-item-wise-and-month-wise-comparison-of-various-indicators-of-assam,75
HMIS district level item wise and month wise comparison of various indicators,HMIS district level item wise and month wise comparison of various indicators of Bihar,https://data.gov.in/catalog/hmis-district-level-item-wise-and-month-wise-comparison-of-various-indicators-of-bihar,75
HMIS district level item wise and month wise comparison of various indicators,HMIS district level item wise and month wise comparison of Various Indicators of Chandigarh,https://data.gov.in/catalog/hmis-district-level-item-wise-and-month-wise-comparison-of-various-indicators-of-chandigarh,75
HMIS district level item wise and month wise comparison of various indicators,HMIS district level item wise and month wise comparison of various indicators of Chhattisgarh,https://data.gov.in/catalog/hmis-district-level-item-wise-and-month-wise-comparison-of-various-indicators-of-chhattisgarh,75
HMIS district level item wise and month wise comparison of various indicators,HMIS district level item wise and month wise comparison of various indicators of Dadra & Nagar Haveli,https://data.gov.in/catalog/hmis-district-level-item-wise-and-month-wise-comparison-of-various-indicators-of-dadra-&-nagar-haveli,75
HMIS district level item wise and month wise comparison of various indicators,HMIS district level item wise and month wise comparison of various indicators of Daman & Diu,https://data.gov.in/catalog/hmis-district-level-item-wise-and-month-wise-comparison-of-various-indicators-of-daman-&-diu,75
HMIS district level item wise and month wise comparison of various indicators,HMIS district level item wise and month wise comparison of various indicators of Delhi,https://data.gov.in/catalog/hmis-district-level-item-wise-and-month-wise-comparison-of-various-indicators-of-delhi,75
HMIS district level item wise and month wise comparison of various indicators,HMIS district level item wise and month wise comparison of various indicators of Goa,https://data.gov.in/catalog/hmis-district-level-item-wise-and-month-wise-comparison-of-various-indicators-of-goa,75
HMIS district level item wise and month wise comparison of various indicators,HMIS district level item wise and month wise comparison of various indicators of Gujarat,https://data.gov.in/catalog/hmis-district-level-item-wise-and-month-wise-comparison-of-various-indicators-of-gujarat,75
HMIS district level item wise and month wise comparison of various indicators,HMIS district level item wise and month wise comparison of various indicators of Haryana,https://data.gov.in/catalog/hmis-district-level-item-wise-and-month-wise-comparison-of-various-indicators-of-haryana,75
HMIS district level item wise and month wise comparison of various indicators,HMIS district level item wise and month wise comparison of various indicators of Himachal Pradesh,https://data.gov.in/catalog/hmis-district-level-item-wise-and-month-wise-comparison-of-various-indicators-of-himachal-pradesh,75
HMIS district level item wise and month wise comparison of various indicators,HMIS district level item wise and month wise comparison of various indicators of Jammu & Kashmir,https://data.gov.in/catalog/hmis-district-level-item-wise-and-month-wise-comparison-of-various-indicators-of-jammu-&-kashmir,75
HMIS district level item wise and month wise comparison of various indicators,HMIS district level item wise and month wise comparison of various indicators of Jharkhand,https://data.gov.in/catalog/hmis-district-level-item-wise-and-month-wise-comparison-of-various-indicators-of-jharkhand,75
HMIS district level item wise and month wise comparison of various indicators,HMIS district level item wise and month wise comparison of various indicators of Karnataka,https://data.gov.in/catalog/hmis-district-level-item-wise-and-month-wise-comparison-of-various-indicators-of-karnataka,75
HMIS district level item wise and month wise comparison of various indicators,HMIS district level item wise and month wise comparison of various indicators of Kerala,https://data.gov.in/catalog/hmis-district-level-item-wise-and-month-wise-comparison-of-various-indicators-of-kerala,75
HMIS district level item wise and month wise comparison of various indicators,HMIS district level item wise and month wise comparison of various indicators of Lakshadweep,https://data.gov.in/catalog/hmis-district-level-item-wise-and-month-wise-comparison-of-various-indicators-of-lakshadweep,75
HMIS district level item wise and month wise comparison of various indicators,HMIS district level item wise and month wise comparison of various indicators of Madhya Pradesh,https://data.gov.in/catalog/hmis-district-level-item-wise-and-month-wise-comparison-of-various-indicators-of-madhya-pradesh,75
HMIS district level item wise and month wise comparison of various indicators,HMIS district level item wise and month wise comparison of various indicators of Maharashtra,https://data.gov.in/catalog/hmis-district-level-item-wise-and-month-wise-comparison-of-various-indicators-of-maharashtra,75
HMIS district level item wise and month wise comparison of various indicators,HMIS district level item wise and month wise comparison of various indicators of Manipur,https://data.gov.in/catalog/hmis-district-level-item-wise-and-month-wise-comparison-of-various-indicators-of-manipur,75
HMIS district level item wise and month wise comparison of various indicators,HMIS district level item wise and month wise comparison of various indicators of Meghalaya,https://data.gov.in/catalog/hmis-district-level-item-wise-and-month-wise-comparison-of-various-indicators-of-meghalaya,75
HMIS district level item wise and month wise comparison of various indicators,HMIS district level item wise and month wise comparison of various indicators of Mizoram,https://data.gov.in/catalog/hmis-district-level-item-wise-and-month-wise-comparison-of-various-indicators-of-mizoram,75
HMIS district level item wise and month wise comparison of various indicators,HMIS district level item wise and month wise comparison of various indicators of Nagaland,https://data.gov.in/catalog/hmis-district-level-item-wise-and-month-wise-comparison-of-various-indicators-of-nagaland,75
HMIS district level item wise and month wise comparison of various indicators,HMIS district level item wise and month wise comparison of various indicators of Odisha,https://data.gov.in/catalog/hmis-district-level-item-wise-and-month-wise-comparison-of-various-indicators-of-odisha,75
HMIS district level item wise and month wise comparison of various indicators,HMIS district level item wise and month wise comparison of various indicators of Puducherry,https://data.gov.in/catalog/hmis-district-level-item-wise-and-month-wise-comparison-of-various-indicators-of-puducherry,75
HMIS district level item wise and month wise comparison of various indicators,HMIS district level item wise and month wise comparison of various indicators of Punjab,https://data.gov.in/catalog/hmis-district-level-item-wise-and-month-wise-comparison-of-various-indicators-of-punjab,75
HMIS district level item wise and month wise comparison of various indicators,HMIS district level item wise and month wise comparison of various indicators of Rajasthan,https://data.gov.in/catalog/hmis-district-level-item-wise-and-month-wise-comparison-of-various-indicators-of-rajasthan,75
HMIS district level item wise and month wise comparison of various indicators,HMIS district level item wise and month wise comparison of various indicators of Sikkim,https://data.gov.in/catalog/hmis-district-level-item-wise-and-month-wise-comparison-of-various-indicators-of-sikkim,75
HMIS district level item wise and month wise comparison of various indicators,HMIS district level item wise and month wise comparison of various indicators of Tamil Nadu,https://data.gov.in/catalog/hmis-district-level-item-wise-and-month-wise-comparison-of-various-indicators-of-tamil-nadu,75
HMIS district level item wise and month wise comparison of various indicators,HMIS district level item wise and month wise comparison of various indicators of Telangana,https://data.gov.in/catalog/hmis-district-level-item-wise-and-month-wise-comparison-of-various-indicators-of-telangana,75
HMIS district level item wise and month wise comparison of various indicators,HMIS district level item wise and month wise comparison of various indicators of Tripura,https://data.gov.in/catalog/hmis-district-level-item-wise-and-month-wise-comparison-of-various-indicators-of-tripura,75
HMIS district level item wise and month wise comparison of various indicators,HMIS district level item wise and month wise comparison of various indicators of Uttar Pradesh,https://data.gov.in/catalog/hmis-district-level-item-wise-and-month-wise-comparison-of-various-indicators-of-uttar-pradesh,75
HMIS district level item wise and month wise comparison of various indicators,HMIS district level item wise and month wise comparison of various indicators of Uttarakhand,https://data.gov.in/catalog/hmis-district-level-item-wise-and-month-wise-comparison-of-various-indicators-of-uttarakhand,75
HMIS district level item wise and month wise comparison of various indicators,HMIS district level item wise and month wise comparison of various indicators of West Bengal,https://data.gov.in/catalog/hmis-district-level-item-wise-and-month-wise-comparison-of-various-indicators-of-west-bengal,75
HMIS district level item wise and month wise comparison of various indicators,HMIS district level item wise and month wise Cumulative comparison of various indicators of Andaman and Nicobar Islands,https://data.gov.in/catalog/hmis-district-level-item-wise-and-month-wise-cumulative-comparison-of-various-indicators-of-andaman-and-nicobar-islands,75
HMIS district level item wise and month wise comparison of various indicators,HMIS district level item wise and month wise Cumulative comparison of various indicators of Andhra Pradesh,https://data.gov.in/catalog/hmis-district-level-item-wise-and-month-wise-cumulative-comparison-of-various-indicators-of-andhra-pradesh,75
HMIS district level item wise and month wise comparison of various indicators,HMIS district level item wise and month wise Cumulative comparison of various indicators of Arunachal Pradesh,https://data.gov.in/catalog/hmis-district-level-item-wise-and-month-wise-cumulative-comparison-of-various-indicators-of-arunachal-pradesh,75
HMIS district level item wise and month wise comparison of various indicators,HMIS district level item wise and month wise Cumulative comparison of various indicators of Assam,https://data.gov.in/catalog/hmis-district-level-item-wise-and-month-wise-cumulative-comparison-of-various-indicators-of-assam,75
HMIS district level item wise and month wise comparison of various indicators,HMIS district level item wise and month wise Cumulative comparison of various indicators of Bihar,https://data.gov.in/catalog/hmis-district-level-item-wise-and-month-wise-cumulative-comparison-of-various-indicators-of-bihar,75
HMIS district level item wise and month wise comparison of various indicators,HMIS district level item wise and month wise Cumulative comparison of various indicators of Chandigarh,https://data.gov.in/catalog/hmis-district-level-item-wise-and-month-wise-cumulative-comparison-of-various-indicators-of-chandigarh,75
HMIS district level item wise and month wise comparison of various indicators,HMIS district level item wise and month wise Cumulative comparison of various indicators of Chhattisgarh,https://data.gov.in/catalog/hmis-district-level-item-wise-and-month-wise-cumulative-comparison-of-various-indicators-of-chhattisgarh,75
HMIS district level item wise and month wise comparison of various indicators,HMIS district level item wise and month wise Cumulative comparison of various indicators of Dadra and Nagar Haveli,https://data.gov.in/catalog/hmis-district-level-item-wise-and-month-wise-cumulative-comparison-of-various-indicators-of-dadra-and-nagar-haveli,75
HMIS district level item wise and month wise comparison of various indicators,HMIS district level item wise and month wise Cumulative comparison of various indicators of Daman and Diu,https://data.gov.in/catalog/hmis-district-level-item-wise-and-month-wise-cumulative-comparison-of-various-indicators-of-daman-and-diu,75
HMIS district level item wise and month wise comparison of various indicators,HMIS district level item wise and month wise Cumulative comparison of various indicators of Delhi,https://data.gov.in/catalog/hmis-district-level-item-wise-and-month-wise-cumulative-comparison-of-various-indicators-of-delhi,75
HMIS district level item wise and month wise comparison of various indicators,HMIS district level item wise and month wise Cumulative comparison of various indicators of Goa,https://data.gov.in/catalog/hmis-district-level-item-wise-and-month-wise-cumulative-comparison-of-various-indicators-of-goa,75
HMIS district level item wise and month wise comparison of various indicators,HMIS district level item wise and month wise Cumulative comparison of various indicators of Gujarat,https://data.gov.in/catalog/hmis-district-level-item-wise-and-month-wise-cumulative-comparison-of-various-indicators-of-gujarat,75
HMIS district level item wise and month wise comparison of various indicators,HMIS district level item wise and month wise Cumulative comparison of various indicators of Haryana,https://data.gov.in/catalog/hmis-district-level-item-wise-and-month-wise-cumulative-comparison-of-various-indicators-of-haryana,75
HMIS district level item wise and month wise comparison of various indicators,HMIS district level item wise and month wise Cumulative comparison of various indicators of Himachal Pradesh,https://data.gov.in/catalog/hmis-district-level-item-wise-and-month-wise-cumulative-comparison-of-various-indicators-of-himachal-pradesh,75
HMIS district level item wise and month wise comparison of various indicators,HMIS district level item wise and month wise Cumulative comparison of various indicators of Jammu and Kashmir,https://data.gov.in/catalog/hmis-district-level-item-wise-and-month-wise-cumulative-comparison-of-various-indicators-of-jammu-and-kashmir,75
HMIS district level item wise and month wise comparison of various indicators,HMIS district level item wise and month wise Cumulative comparison of various indicators of Jharkhand,https://data.gov.in/catalog/hmis-district-level-item-wise-and-month-wise-cumulative-comparison-of-various-indicators-of-jharkhand,75
HMIS district level item wise and month wise comparison of various indicators,HMIS district level item wise and month wise Cumulative comparison of various indicators of Karnataka,https://data.gov.in/catalog/hmis-district-level-item-wise-and-month-wise-cumulative-comparison-of-various-indicators-of-karnataka,75
HMIS district level item wise and month wise comparison of various indicators,HMIS district level item wise and month wise Cumulative comparison of various indicators of Kerala,https://data.gov.in/catalog/hmis-district-level-item-wise-and-month-wise-cumulative-comparison-of-various-indicators-of-kerala,75
HMIS district level item wise and month wise comparison of various indicators,HMIS district level item wise and month wise Cumulative comparison of various indicators of Lakshadweep,https://data.gov.in/catalog/hmis-district-level-item-wise-and-month-wise-cumulative-comparison-of-various-indicators-of-lakshadweep,75
HMIS district level item wise and month wise comparison of various indicators,HMIS district level item wise and month wise Cumulative comparison of various indicators of M/O Defence,https://data.gov.in/catalog/hmis-district-level-item-wise-and-month-wise-cumulative-comparison-of-various-indicators-of-m/o-defence,75
HMIS district level item wise and month wise comparison of various indicators,HMIS district level item wise and month wise Cumulative comparison of various indicators of M/O Railways,https://data.gov.in/catalog/hmis-district-level-item-wise-and-month-wise-cumulative-comparison-of-various-indicators-of-m/o-railways,75
HMIS district level item wise and month wise comparison of various indicators,HMIS district level item wise and month wise Cumulative comparison of various indicators of Madhya Pradesh,https://data.gov.in/catalog/hmis-district-level-item-wise-and-month-wise-cumulative-comparison-of-various-indicators-of-madhya-pradesh,75
HMIS district level item wise and month wise comparison of various indicators,HMIS district level item wise and month wise Cumulative comparison of various indicators of Maharashtra,https://data.gov.in/catalog/hmis-district-level-item-wise-and-month-wise-cumulative-comparison-of-various-indicators-of-maharashtra,75
HMIS district level item wise and month wise comparison of various indicators,HMIS district level item wise and month wise Cumulative comparison of various indicators of Manipur,https://data.gov.in/catalog/hmis-district-level-item-wise-and-month-wise-cumulative-comparison-of-various-indicators-of-manipur,75
HMIS district level item wise and month wise comparison of various indicators,HMIS district level item wise and month wise Cumulative comparison of various indicators of Meghalaya,https://data.gov.in/catalog/hmis-district-level-item-wise-and-month-wise-cumulative-comparison-of-various-indicators-of-meghalaya,75
HMIS district level item wise and month wise comparison of various indicators,HMIS district level item wise and month wise Cumulative comparison of various indicators of Mizoram,https://data.gov.in/catalog/hmis-district-level-item-wise-and-month-wise-cumulative-comparison-of-various-indicators-of-mizoram,75
HMIS district level item wise and month wise comparison of various indicators,HMIS district level item wise and month wise Cumulative comparison of various indicators of Nagaland,https://data.gov.in/catalog/hmis-district-level-item-wise-and-month-wise-cumulative-comparison-of-various-indicators-of-nagaland,75
HMIS district level item wise and month wise comparison of various indicators,HMIS district level item wise and month wise Cumulative comparison of various indicators of Odisha,https://data.gov.in/catalog/hmis-district-level-item-wise-and-month-wise-cumulative-comparison-of-various-indicators-of-odisha,75
HMIS district level item wise and month wise comparison of various indicators,HMIS district level item wise and month wise Cumulative comparison of various indicators of Puducherry,https://data.gov.in/catalog/hmis-district-level-item-wise-and-month-wise-cumulative-comparison-of-various-indicators-of-puducherry,75
HMIS district level item wise and month wise comparison of various indicators,HMIS district level item wise and month wise Cumulative comparison of various indicators of Punjab,https://data.gov.in/catalog/hmis-district-level-item-wise-and-month-wise-cumulative-comparison-of-various-indicators-of-punjab,75
HMIS district level item wise and month wise comparison of various indicators,HMIS district level item wise and month wise Cumulative comparison of various indicators of Rajasthan,https://data.gov.in/catalog/hmis-district-level-item-wise-and-month-wise-cumulative-comparison-of-various-indicators-of-rajasthan,75
HMIS district level item wise and month wise comparison of various indicators,HMIS district level item wise and month wise Cumulative comparison of various indicators of Sikkim,https://data.gov.in/catalog/hmis-district-level-item-wise-and-month-wise-cumulative-comparison-of-various-indicators-of-sikkim,75
HMIS district level item wise and month wise comparison of various indicators,HMIS district level item wise and month wise Cumulative comparison of various indicators of Tamil Nadu,https://data.gov.in/catalog/hmis-district-level-item-wise-and-month-wise-cumulative-comparison-of-various-indicators-of-tamil-nadu,75
HMIS district level item wise and month wise comparison of various indicators,HMIS district level item wise and month wise Cumulative comparison of various indicators of Telangana,https://data.gov.in/catalog/hmis-district-level-item-wise-and-month-wise-cumulative-comparison-of-various-indicators-of-telangana,75
HMIS district level item wise and month wise comparison of various indicators,HMIS district level item wise and month wise Cumulative comparison of various indicators of Tripura,https://data.gov.in/catalog/hmis-district-level-item-wise-and-month-wise-cumulative-comparison-of-various-indicators-of-tripura,75
HMIS district level item wise and month wise comparison of various indicators,HMIS district level item wise and month wise Cumulative comparison of various indicators of Uttar Pradesh,https://data.gov.in/catalog/hmis-district-level-item-wise-and-month-wise-cumulative-comparison-of-various-indicators-of-uttar-pradesh,75
HMIS district level item wise and month wise comparison of various indicators,HMIS district level item wise and month wise Cumulative comparison of various indicators of Uttarakhand,https://data.gov.in/catalog/hmis-district-level-item-wise-and-month-wise-cumulative-comparison-of-various-indicators-of-uttarakhand,75
HMIS district level item wise and month wise comparison of various indicators,HMIS district level item wise and month wise Cumulative comparison of various indicators of West Bengal,https://data.gov.in/catalog/hmis-district-level-item-wise-and-month-wise-cumulative-comparison-of-various-indicators-of-west-bengal,75
Item-wise HMIS report,Item-wise monthly HMIS report at District level of Andaman and Nicobar Islands,https://data.gov.in/catalog/item-wise-monthly-hmis-report-at-district-level-of-andaman-and-nicobar-islands,37
Item-wise HMIS report,Item-wise monthly HMIS report at District level of Andhra Pradesh,https://data.gov.in/catalog/item-wise-monthly-hmis-report-at-district-level-of-andhra-pradesh,37
Item-wise HMIS report,Item-wise monthly HMIS report at District level of Arunachal Pradesh,https://data.gov.in/catalog/item-wise-monthly-hmis-report-at-district-level-of-arunachal-pradesh,37
Item-wise HMIS report,Item-wise monthly HMIS report at District level of Assam,https://data.gov.in/catalog/item-wise-monthly-hmis-report-at-district-level-of-assam,37
Item-wise HMIS report,Item-wise monthly HMIS report at District level of Bihar,https://data.gov.in/catalog/item-wise-monthly-hmis-report-at-district-level-of-bihar,37
Item-wise HMIS report,Item-wise monthly HMIS report at District level of Chandigarh,https://data.gov.in/catalog/item-wise-monthly-hmis-report-at-district-level-of-chandigarh,37
Item-wise HMIS report,Item-wise monthly HMIS report at District level of Chhattisgarh,https://data.gov.in/catalog/item-wise-monthly-hmis-report-at-district-level-of-chhattisgarh,37
Item-wise HMIS report,Item-wise monthly HMIS report at District level of Dadra and Nagar Haveli,https://data.gov.in/catalog/item-wise-monthly-hmis-report-at-district-level-of-dadra-and-nagar-haveli,37
Item-wise HMIS report,Item-wise monthly HMIS report at District level of Daman and Diu,https://data.gov.in/catalog/item-wise-monthly-hmis-report-at-district-level-of-daman-and-diu,37
Item-wise HMIS report,Item-wise monthly HMIS report at District level of Delhi,https://data.gov.in/catalog/item-wise-monthly-hmis-report-at-district-level-of-delhi,37
Item-wise HMIS report,Item-wise monthly HMIS report at District level of Goa,https://data.gov.in/catalog/item-wise-monthly-hmis-report-at-district-level-of-goa,37
Item-wise HMIS report,Item-wise monthly HMIS report at District level of Gujarat,https://data.gov.in/catalog/item-wise-monthly-hmis-report-at-district-level-of-gujarat,37
Item-wise HMIS report,Item-wise monthly HMIS report at District level of Haryana,https://data.gov.in/catalog/item-wise-monthly-hmis-report-at-district-level-of-haryana,37
Item-wise HMIS report,Item-wise monthly HMIS report at District level of Himachal Pradesh,https://data.gov.in/catalog/item-wise-monthly-hmis-report-at-district-level-of-himachal-pradesh,37
Item-wise HMIS report,Item-wise monthly HMIS report at District level of Jammu and Kashmir,https://data.gov.in/catalog/item-wise-monthly-hmis-report-at-district-level-of-jammu-and-kashmir,37
Item-wise HMIS report,Item-wise monthly HMIS report at District level of Jharkhand,https://data.gov.in/catalog/item-wise-monthly-hmis-report-at-district-level-of-jharkhand,37
Item-wise HMIS report,Item-wise monthly HMIS report at District level of Karnataka,https://data.gov.in/catalog/item-wise-monthly-hmis-report-at-district-level-of-karnataka,37
Item-wise HMIS report,Item-wise monthly HMIS report at District level of Kerala,https://data.gov.in/catalog/item-wise-monthly-hmis-report-at-district-level-of-kerala,37
Item-wise HMIS report,Item-wise monthly HMIS report at District level of Lakshadweep,https://data.gov.in/catalog/item-wise-monthly-hmis-report-at-district-level-of-lakshadweep,37
Item-wise HMIS report,Item-wise monthly HMIS report at District level of Madhya Pradesh,https://data.gov.in/catalog/item-wise-monthly-hmis-report-at-district-level-of-madhya-pradesh,37
Item-wise HMIS report,Item-wise monthly HMIS report at District level of Maharashtra,https://data.gov.in/catalog/item-wise-monthly-hmis-report-at-district-level-of-maharashtra,37
Item-wise HMIS report,Item-wise monthly HMIS report at District level of Manipur,https://data.gov.in/catalog/item-wise-monthly-hmis-report-at-district-level-of-manipur,37
Item-wise HMIS report,Item-wise monthly HMIS report at District level of Meghalaya,https://data.gov.in/catalog/item-wise-monthly-hmis-report-at-district-level-of-meghalaya,37
Item-wise HMIS report,Item-wise monthly HMIS report at District level of Mizoram,https://data.gov.in/catalog/item-wise-monthly-hmis-report-at-district-level-of-mizoram,37
Item-wise HMIS report,Item-wise monthly HMIS report at District level of Nagaland,https://data.gov.in/catalog/item-wise-monthly-hmis-report-at-district-level-of-nagaland,37
Item-wise HMIS report,Item-wise monthly HMIS report at District level of Odisha,https://data.gov.in/catalog/item-wise-monthly-hmis-report-at-district-level-of-odisha,37
Item-wise HMIS report,Item-wise monthly HMIS report at District level of Puducherry,https://data.gov.in/catalog/item-wise-monthly-hmis-report-at-district-level-of-puducherry,37
Item-wise HMIS report,Item-wise monthly HMIS report at District level of Punjab,https://data.gov.in/catalog/item-wise-monthly-hmis-report-at-district-level-of-punjab,37
Item-wise HMIS report,Item-wise monthly HMIS report at District level of Rajasthan,https://data.gov.in/catalog/item-wise-monthly-hmis-report-at-district-level-of-rajasthan,37
Item-wise HMIS report,Item-wise monthly HMIS report at District level of Sikkim,https://data.gov.in/catalog/item-wise-monthly-hmis-report-at-district-level-of-sikkim,37
Item-wise HMIS report,Item-wise monthly HMIS report at District level of Tamil Nadu,https://data.gov.in/catalog/item-wise-monthly-hmis-report-at-district-level-of-tamil-nadu,37
Item-wise HMIS report,Item-wise monthly HMIS report at District level of Telangana,https://data.gov.in/catalog/item-wise-monthly-hmis-report-at-district-level-of-telangana,37
Item-wise HMIS report,Item-wise monthly HMIS report at District level of Tripura,https://data.gov.in/catalog/item-wise-monthly-hmis-report-at-district-level-of-tripura,37
Item-wise HMIS report,Item-wise monthly HMIS report at District level of Uttar Pradesh,https://data.gov.in/catalog/item-wise-monthly-hmis-report-at-district-level-of-uttar-pradesh,37
Item-wise HMIS report,Item-wise monthly HMIS report at District level of Uttarakhand,https://data.gov.in/catalog/item-wise-monthly-hmis-report-at-district-level-of-uttarakhand,37
Item-wise HMIS report,Item-wise monthly HMIS report at District level of West Bengal,https://data.gov.in/catalog/item-wise-monthly-hmis-report-at-district-level-of-west-bengal,37
Item-wise HMIS report,Item-wise Monthly HMIS Report of All India Across States,https://data.gov.in/catalog/item-wise-monthly-hmis-report-of-all-india-across-states,37
HMIS sub district level item-wise report,HMIS sub district level item-wise monthly report of Andaman and Nicobar Islands,https://data.gov.in/catalog/hmis-sub-district-level-item-wise-monthly-report-of-andaman-and-nicobar-islands,36
HMIS sub district level item-wise report,HMIS sub district level item-wise monthly report of Andhra Pradesh,https://data.gov.in/catalog/hmis-sub-district-level-item-wise-monthly-report-of-andhra-pradesh,36
HMIS sub district level item-wise report,HMIS sub district level item-wise monthly report of Arunachal Pradesh,https://data.gov.in/catalog/hmis-sub-district-level-item-wise-monthly-report-of-arunachal-pradesh,36
HMIS sub district level item-wise report,HMIS sub district level item-wise monthly report of Assam,https://data.gov.in/catalog/hmis-sub-district-level-item-wise-monthly-report-of-assam,36
HMIS sub district level item-wise report,HMIS sub district level item-wise monthly report of Bihar,https://data.gov.in/catalog/hmis-sub-district-level-item-wise-monthly-report-of-bihar,36
HMIS sub district level item-wise report,HMIS sub district level item-wise monthly report of Chandigarh,https://data.gov.in/catalog/hmis-sub-district-level-item-wise-monthly-report-of-chandigarh,36
HMIS sub district level item-wise report,HMIS sub district level item-wise monthly report of Chhattisgarh,https://data.gov.in/catalog/hmis-sub-district-level-item-wise-monthly-report-of-chhattisgarh,36
HMIS sub district level item-wise report,HMIS sub district level item-wise monthly report of Dadra and Nagar Haveli,https://data.gov.in/catalog/hmis-sub-district-level-item-wise-monthly-report-of-dadra-and-nagar-haveli,36
HMIS sub district level item-wise report,HMIS sub district level item-wise monthly report of Daman and Diu,https://data.gov.in/catalog/hmis-sub-district-level-item-wise-monthly-report-of-daman-and-diu,36
HMIS sub district level item-wise report,HMIS sub district level item-wise monthly report of Delhi,https://data.gov.in/catalog/hmis-sub-district-level-item-wise-monthly-report-of-delhi,36
HMIS sub district level item-wise report,HMIS sub district level item-wise monthly report of Goa,https://data.gov.in/catalog/hmis-sub-district-level-item-wise-monthly-report-of-goa,36
HMIS sub district level item-wise report,HMIS sub district level item-wise monthly report of Gujarat,https://data.gov.in/catalog/hmis-sub-district-level-item-wise-monthly-report-of-gujarat,36
HMIS sub district level item-wise report,HMIS sub district level item-wise monthly report of Haryana,https://data.gov.in/catalog/hmis-sub-district-level-item-wise-monthly-report-of-haryana,36
HMIS sub district level item-wise report,HMIS sub district level item-wise monthly report of Himachal Pradesh,https://data.gov.in/catalog/hmis-sub-district-level-item-wise-monthly-report-of-himachal-pradesh,36
HMIS sub district level item-wise report,HMIS sub district level item-wise monthly report of Jammu and Kashmir,https://data.gov.in/catalog/hmis-sub-district-level-item-wise-monthly-report-of-jammu-and-kashmir,36
HMIS sub district level item-wise report,HMIS sub district level item-wise monthly report of Jharkhand,https://data.gov.in/catalog/hmis-sub-district-level-item-wise-monthly-report-of-jharkhand,36
HMIS sub district level item-wise report,HMIS sub district level item-wise monthly report of Karnataka,https://data.gov.in/catalog/hmis-sub-district-level-item-wise-monthly-report-of-karnataka,36
HMIS sub district level item-wise report,HMIS sub district level item-wise monthly report of Kerala,https://data.gov.in/catalog/hmis-sub-district-level-item-wise-monthly-report-of-kerala,36
HMIS sub district level item-wise report,HMIS sub district level item-wise monthly report of Lakshadweep,https://data.gov.in/catalog/hmis-sub-district-level-item-wise-monthly-report-of-lakshadweep,36
HMIS sub district level item-wise report,HMIS sub district level item-wise monthly report of Madhya Pradesh,https://data.gov.in/catalog/hmis-sub-district-level-item-wise-monthly-report-of-madhya-pradesh,36
HMIS sub district level item-wise report,HMIS sub district level item-wise monthly report of Maharashtra,https://data.gov.in/catalog/hmis-sub-district-level-item-wise-monthly-report-of-maharashtra,36
HMIS sub district level item-wise report,HMIS sub district level item-wise monthly report of Manipur,https://data.gov.in/catalog/hmis-sub-district-level-item-wise-monthly-report-of-manipur,36
HMIS sub district level item-wise report,HMIS sub district level item-wise monthly report of Meghalaya,https://data.gov.in/catalog/hmis-sub-district-level-item-wise-monthly-report-of-meghalaya,36
HMIS sub district level item-wise report,HMIS sub district level item-wise monthly report of Mizoram,https://data.gov.in/catalog/hmis-sub-district-level-item-wise-monthly-report-of-mizoram,36
HMIS sub district level item-wise report,HMIS sub district level item-wise monthly report of Nagaland,https://data.gov.in/catalog/hmis-sub-district-level-item-wise-monthly-report-of-nagaland,36
HMIS sub district level item-wise report,HMIS sub district level item-wise monthly report of Odisha,https://data.gov.in/catalog/hmis-sub-district-level-item-wise-monthly-report-of-odisha,36
HMIS sub district level item-wise report,HMIS sub district level item-wise monthly report of Puducherry,https://data.gov.in/catalog/hmis-sub-district-level-item-wise-monthly-report-of-puducherry,36
HMIS sub district level item-wise report,HMIS sub district level item-wise monthly report of Punjab,https://data.gov.in/catalog/hmis-sub-district-level-item-wise-monthly-report-of-punjab,36
HMIS sub district level item-wise report,HMIS sub district level item-wise monthly report of Rajasthan,https://data.gov.in/catalog/hmis-sub-district-level-item-wise-monthly-report-of-rajasthan,36
HMIS sub district level item-wise report,HMIS sub district level item-wise monthly report of Sikkim,https://data.gov.in/catalog/hmis-sub-district-level-item-wise-monthly-report-of-sikkim,36
HMIS sub district level item-wise report,HMIS sub district level item-wise monthly report of Tamil Nadu,https://data.gov.in/catalog/hmis-sub-district-level-item-wise-monthly-report-of-tamil-nadu,36
HMIS sub district level item-wise report,HMIS sub district level item-wise monthly report of Telangana,https://data.gov.in/catalog/hmis-sub-district-level-item-wise-monthly-report-of-telangana,36
HMIS sub district level item-wise report,HMIS sub district level item-wise monthly report of Tripura,https://data.gov.in/catalog/hmis-sub-district-level-item-wise-monthly-report-of-tripura,36
HMIS sub district level item-wise report,HMIS sub district level item-wise monthly report of Uttar Pradesh,https://data.gov.in/catalog/hmis-sub-district-level-item-wise-monthly-report-of-uttar-pradesh,36
HMIS sub district level item-wise report,HMIS sub district level item-wise monthly report of Uttarakhand,https://data.gov.in/catalog/hmis-sub-district-level-item-wise-monthly-report-of-uttarakhand,36
HMIS sub district level item-wise report,HMIS sub district level item-wise monthly report of West Bengal,https://data.gov.in/catalog/hmis-sub-district-level-item-wise-monthly-report-of-west-bengal,36
Performance of key HMIS indicators,Performance of key HMIS indicators across sub districts of Andaman and Nicobar Islands,https://data.gov.in/catalog/performance-of-key-hmis-indicators-across-sub-districts-of-andaman-and-nicobar-islands,36
Performance of key HMIS indicators,Performance of key HMIS indicators across sub districts of Andhra Pradesh,https://data.gov.in/catalog/performance-of-key-hmis-indicators-across-sub-districts-of-andhra-pradesh,36
Performance of key HMIS indicators,Performance of key HMIS indicators across sub districts of Arunachal Pradesh,https://data.gov.in/catalog/performance-of-key-hmis-indicators-across-sub-districts-of-arunachal-pradesh,36
Performance of key HMIS indicators,Performance of key HMIS indicators across sub districts of Assam,https://data.gov.in/catalog/performance-of-key-hmis-indicators-across-sub-districts-of-assam,36
Performance of key HMIS indicators,Performance of key HMIS indicators across sub districts of Bihar,https://data.gov.in/catalog/performance-of-key-hmis-indicators-across-sub-districts-of-bihar,36
Performance of key HMIS indicators,Performance of key HMIS Indicators across sub districts of Chandigarh,https://data.gov.in/catalog/performance-of-key-hmis-indicators-across-sub-districts-of-chandigarh,36
Performance of key HMIS indicators,Performance of key HMIS indicators across sub districts of Chhattisgarh,https://data.gov.in/catalog/performance-of-key-hmis-indicators-across-sub-districts-of-chhattisgarh,36
Performance of key HMIS indicators,Performance of key HMIS Indicators across sub districts of Dadra & Nagar Haveli,https://data.gov.in/catalog/performance-of-key-hmis-indicators-across-sub-districts-of-dadra-&-nagar-haveli,36
Performance of key HMIS indicators,Performance of key HMIS indicators across sub districts of Daman & Diu,https://data.gov.in/catalog/performance-of-key-hmis-indicators-across-sub-districts-of-daman-&-diu,36
Performance of key HMIS indicators,Performance of key HMIS indicators across sub districts of Delhi,https://data.gov.in/catalog/performance-of-key-hmis-indicators-across-sub-districts-of-delhi,36
Performance of key HMIS indicators,Performance of key HMIS indicators across sub districts of Goa,https://data.gov.in/catalog/performance-of-key-hmis-indicators-across-sub-districts-of-goa,36
Performance of key HMIS indicators,Performance of key HMIS indicators across sub districts of Gujarat,https://data.gov.in/catalog/performance-of-key-hmis-indicators-across-sub-districts-of-gujarat,36
Performance of key HMIS indicators,Performance of key HMIS indicators across sub districts of Haryana,https://data.gov.in/catalog/performance-of-key-hmis-indicators-across-sub-districts-of-haryana,36
Performance of key HMIS indicators,Performance of key HMIS indicators across sub districts of Himachal Pradesh,https://data.gov.in/catalog/performance-of-key-hmis-indicators-across-sub-districts-of-himachal-pradesh,36
Performance of key HMIS indicators,Performance of key HMIS Indicators across sub districts of Jammu & Kashmir,https://data.gov.in/catalog/performance-of-key-hmis-indicators-across-sub-districts-of-jammu-&-kashmir,36
Performance of key HMIS indicators,Performance of key HMIS indicators across sub districts of Jharkhand,https://data.gov.in/catalog/performance-of-key-hmis-indicators-across-sub-districts-of-jharkhand,36
Performance of key HMIS indicators,Performance of key HMIS indicators across sub districts of Karnataka,https://data.gov.in/catalog/performance-of-key-hmis-indicators-across-sub-districts-of-karnataka,36
Performance of key HMIS indicators,Performance of key HMIS indicators across sub districts of Kerala,https://data.gov.in/catalog/performance-of-key-hmis-indicators-across-sub-districts-of-kerala,36
Performance of key HMIS indicators,Performance of key HMIS Indicators across sub districts of Lakshadweep,https://data.gov.in/catalog/performance-of-key-hmis-indicators-across-sub-districts-of-lakshadweep,36
Performance of key HMIS indicators,Performance of key HMIS indicators across sub districts of Madhya Pradesh,https://data.gov.in/catalog/performance-of-key-hmis-indicators-across-sub-districts-of-madhya-pradesh,36
Performance of key HMIS indicators,Performance of key HMIS indicators across sub districts of Maharashtra,https://data.gov.in/catalog/performance-of-key-hmis-indicators-across-sub-districts-of-maharashtra,36
Performance of key HMIS indicators,Performance of key HMIS Indicators across sub districts of Manipur,https://data.gov.in/catalog/performance-of-key-hmis-indicators-across-sub-districts-of-manipur,36
Performance of key HMIS indicators,Performance of key HMIS Indicators across sub districts of Meghalaya,https://data.gov.in/catalog/performance-of-key-hmis-indicators-across-sub-districts-of-meghalaya,36
Performance of key HMIS indicators,Performance of key HMIS indicators across sub districts of Mizoram,https://data.gov.in/catalog/performance-of-key-hmis-indicators-across-sub-districts-of-mizoram,36
Performance of key HMIS indicators,Performance of key HMIS Indicators across sub districts of Nagaland,https://data.gov.in/catalog/performance-of-key-hmis-indicators-across-sub-districts-of-nagaland,36
Performance of key HMIS indicators,Performance of key HMIS indicators across sub districts of Odisha,https://data.gov.in/catalog/performance-of-key-hmis-indicators-across-sub-districts-of-odisha,36
Performance of key HMIS indicators,Performance of key HMIS indicators across sub districts of Puducherry,https://data.gov.in/catalog/performance-of-key-hmis-indicators-across-sub-districts-of-puducherry,36
Performance of key HMIS indicators,Performance of key HMIS indicators across sub districts of Punjab,https://data.gov.in/catalog/performance-of-key-hmis-indicators-across-sub-districts-of-punjab,36
Performance of key HMIS indicators,Performance of key HMIS indicators across sub districts of Rajasthan,https://data.gov.in/catalog/performance-of-key-hmis-indicators-across-sub-districts-of-rajasthan,36
Performance of key HMIS indicators,Performance of key HMIS indicators across sub districts of Sikkim,https://data.gov.in/catalog/performance-of-key-hmis-indicators-across-sub-districts-of-sikkim,36
Performance of key HMIS indicators,Performance of key HMIS indicators across sub districts of Tamil Nadu,https://data.gov.in/catalog/performance-of-key-hmis-indicators-across-sub-districts-of-tamil-nadu,36
Performance of key HMIS indicators,Performance of key HMIS indicators across sub districts of Telangana,https://data.gov.in/catalog/performance-of-key-hmis-indicators-across-sub-districts-of-telangana,36
Performance of key HMIS indicators,Performance of key HMIS Indicators across sub districts of Tripura,https://data.gov.in/catalog/performance-of-key-hmis-indicators-across-sub-districts-of-tripura,36
Performance of key HMIS indicators,Performance of key HMIS indicators across sub districts of Uttar Pradesh,https://data.gov.in/catalog/performance-of-key-hmis-indicators-across-sub-districts-of-uttar-pradesh,36
Performance of key HMIS indicators,Performance of key HMIS indicators across sub districts of Uttarakhand,https://data.gov.in/catalog/performance-of-key-hmis-indicators-across-sub-districts-of-uttarakhand,36
Performance of key HMIS indicators,Performance of key HMIS indicators across sub districts of West Bengal,https://data.gov.in/catalog/performance-of-key-hmis-indicators-across-sub-districts-of-west-bengal,36
Range-wise Performance of Public Facilities,Annual Range-wise Performance of Public Facilities for C-Section Deliveries at facility,https://data.gov.in/catalog/annual-range-wise-performance-of-public-facilities-for-c-section-deliveries-at-facility,30
Range-wise Performance of Public Facilities,Annual Range-wise Performance of Public Facilities for Deliveries conducted at facility,https://data.gov.in/catalog/annual-range-wise-performance-of-public-facilities-for-deliveries-conducted-at-facility,30
Range-wise Performance of Public Facilities,Annual Range-wise Performance of Public Facilities for IPD Attendance,https://data.gov.in/catalog/annual-range-wise-performance-of-public-facilities-for-ipd-attendance,30
Range-wise Performance of Public Facilities,Annual Range-wise Performance of Public Facilities for OPD attendance,https://data.gov.in/catalog/annual-range-wise-performance-of-public-facilities-for-opd-attendance,30
Range-wise Performance of Public Facilities,Annual Range-wise Performance of Public Facilities for Operation major (General and Spinal Anaesthesia),https://data.gov.in/catalog/annual-range-wise-performance-of-public-facilities-for-operation-major-(general-and-spinal-anaesthesia),30
Range-wise Performance of Public Facilities,Annual Range-wise Performance of Public Facilities for Operation minor (No or local Anaesthesia),https://data.gov.in/catalog/annual-range-wise-performance-of-public-facilities-for-operation-minor-(no-or-local-anaesthesia),30
Range-wise Performance of Public Facilities,Quarterly Range-wise Performance of Public Facilities for C-Section Deliveries at facility,https://data.gov.in/catalog/quarterly-range-wise-performance-of-public-facilities-for-c-section-deliveries-at-facility,30
Range-wise Performance of Public Facilities,Quarterly Range-wise Performance of Public Facilities for Deliveries conducted at facility,https://data.gov.in/catalog/quarterly-range-wise-performance-of-public-facilities-for-deliveries-conducted-at-facility,30
Range-wise Performance of Public Facilities,Quarterly Range-wise Performance of Public Facilities for IPD Attendance,https://data.gov.in/catalog/quarterly-range-wise-performance-of-public-facilities-for-ipd-attendance,30
Range-wise Performance of Public Facilities,Quarterly Range-wise Performance of Public Facilities for OPD attendance,https://data.gov.in/catalog/quarterly-range-wise-performance-of-public-facilities-for-opd-attendance,30
Range-wise Performance of Public Facilities,Quarterly Range-wise Performance of Public Facilities for Operation major (General and Spinal Anaesthesia),https://data.gov.in/catalog/quarterly-range-wise-performance-of-public-facilities-for-operation-major-(general-and-spinal-anaesthesia),30
Range-wise Performance of Public Facilities,Quarterly Range-wise Performance of Public Facilities for Operation minor (No or local Anaesthesia),https://data.gov.in/catalog/quarterly-range-wise-performance-of-public-facilities-for-operation-minor-(no-or-local-anaesthesia),30
Range-wise Performance of Public Facilities,Range-wise Monthly Performance of Public Facilities for C-Section Deliveries at facility in India (Across States/UTs),https://data.gov.in/catalog/range-wise-monthly-performance-of-public-facilities-for-c-section-deliveries-at-facility-in-india-(across-states/uts),30
Range-wise Performance of Public Facilities,Range-wise Monthly Performance of Public Facilities for Deliveries conducted at facility in India (Across States/UTs),https://data.gov.in/catalog/range-wise-monthly-performance-of-public-facilities-for-deliveries-conducted-at-facility-in-india-(across-states/uts),30
Range-wise Performance of Public Facilities,Range-wise Monthly Performance of Public Facilities for IPD Attendance in India (Across States/UTs),https://data.gov.in/catalog/range-wise-monthly-performance-of-public-facilities-for-ipd-attendance-in-india-(across-states/uts),30
Range-wise Performance of Public Facilities,Range-wise Monthly Performance of Public Facilities for OPD attendance in India (Across States/UTs),https://data.gov.in/catalog/range-wise-monthly-performance-of-public-facilities-for-opd-attendance-in-india-(across-states/uts),30
Range-wise Performance of Public Facilities,Range-wise Monthly Performance of Public Facilities for Operation major (General and Spinal Anaesthesia) in India (Across States/UTs),https://data.gov.in/catalog/range-wise-monthly-performance-of-public-facilities-for-operation-major-(general-and-spinal-anaesthesia)-in-india-(across-states/uts),30
Range-wise Performance of Public Facilities,Range-wise Monthly Performance of Public Facilities for Operation minor (No or local Anaesthesia) in India (Across States/UTs),https://data.gov.in/catalog/range-wise-monthly-performance-of-public-facilities-for-operation-minor-(no-or-local-anaesthesia)-in-india-(across-states/uts),30
Range-wise Performance of Public Facilities,Range-wise Performance of Public Facilities for C-Section Deliveries at facility,https://data.gov.in/catalog/range-wise-performance-of-public-facilities-for-c-section-deliveries-at-facility,30
Range-wise Performance of Public Facilities,Range-wise Performance of Public Facilities for Deliveries conducted at facility,https://data.gov.in/catalog/range-wise-performance-of-public-facilities-for-deliveries-conducted-at-facility,30
Range-wise Performance of Public Facilities,Range-wise Performance of Public Facilities for IPD Attendance,https://data.gov.in/catalog/range-wise-performance-of-public-facilities-for-ipd-attendance,30
Range-wise Performance of Public Facilities,Range-wise Performance of Public Facilities for OPD attendance,https://data.gov.in/catalog/range-wise-performance-of-public-facilities-for-opd-attendance,30
Range-wise Performance of Public Facilities,Range-wise Performance of Public Facilities for Operation major (General and Spinal Anaesthesia),https://data.gov.in/catalog/range-wise-performance-of-public-facilities-for-operation-major-(general-and-spinal-anaesthesia),30
Range-wise Performance of Public Facilities,Range-wise Performance of Public Facilities for Operation minor (No or local Anaesthesia),https://data.gov.in/catalog/range-wise-performance-of-public-facilities-for-operation-minor-(no-or-local-anaesthesia),30
Range-wise Performance of Public Facilities,Range-wise Quarterly Performance of Public Facilities for C-Section Deliveries at facility in India (Across States/UTs),https://data.gov.in/catalog/range-wise-quarterly-performance-of-public-facilities-for-c-section-deliveries-at-facility-in-india-(across-states/uts),30
Range-wise Performance of Public Facilities,Range-wise Quarterly Performance of Public Facilities for Deliveries conducted at facility in India (Across States/UTs),https://data.gov.in/catalog/range-wise-quarterly-performance-of-public-facilities-for-deliveries-conducted-at-facility-in-india-(across-states/uts),30
Range-wise Performance of Public Facilities,Range-wise Quarterly Performance of Public Facilities for IPD Attendance in India (Across States/UTs),https://data.gov.in/catalog/range-wise-quarterly-performance-of-public-facilities-for-ipd-attendance-in-india-(across-states/uts),30
Range-wise Performance of Public Facilities,Range-wise Quarterly Performance of Public Facilities for OPD attendance in India (Across States/UTs),https://data.gov.in/catalog/range-wise-quarterly-performance-of-public-facilities-for-opd-attendance-in-india-(across-states/uts),30
Range-wise Performance of Public Facilities,Range-wise Quarterly Performance of Public Facilities for Operation major (General and Spinal Anaesthesia) in India (Across States/UTs),https://data.gov.in/catalog/range-wise-quarterly-performance-of-public-facilities-for-operation-major-(general-and-spinal-anaesthesia)-in-india-(across-states/uts),30
Range-wise Performance of Public Facilities,Range-wise Quarterly Performance of Public Facilities for Operation minor (No or local Anaesthesia) in India (Across States/UTs),https://data.gov.in/catalog/range-wise-quarterly-performance-of-public-facilities-for-operation-minor-(no-or-local-anaesthesia)-in-india-(across-states/uts),30
Rural Health Statistics,Rural Health Statistics - 2015,https://data.gov.in/catalog/rural-health-statistics---2015,15
Rural Health Statistics,Rural Health Statistics - 2016,https://data.gov.in/catalog/rural-health-statistics---2016,15
Rural Health Statistics,Rural Health Statistics - 2017,https://data.gov.in/catalog/rural-health-statistics---2017,15
Rural Health Statistics,Rural Health Statistics - 2018,https://data.gov.in/catalog/rural-health-statistics---2018,15
Rural Health Statistics,Rural Health Statistics - 2019,https://data.gov.in/catalog/rural-health-statistics---2019,15
Rural Health Statistics,Rural Health Statistics in India - 2005,https://data.gov.in/catalog/rural-health-statistics-in-india---2005,15
Rural Health Statistics,Rural Health Statistics in India - 2006,https://data.gov.in/catalog/rural-health-statistics-in-india---2006,15
Rural Health Statistics,Rural Health Statistics in India - 2007,https://data.gov.in/catalog/rural-health-statistics-in-india---2007,15
Rural Health Statistics,Rural Health Statistics in India - 2008,https://data.gov.in/catalog/rural-health-statistics-in-india---2008,15
Rural Health Statistics,Rural Health Statistics in India - 2009,https://data.gov.in/catalog/rural-health-statistics-in-india---2009,15
Rural Health Statistics,Rural Health Statistics in India - 2010,https://data.gov.in/catalog/rural-health-statistics-in-india---2010,15
Rural Health Statistics,Rural Health Statistics in India - 2011,https://data.gov.in/catalog/rural-health-statistics-in-india---2011,15
Rural Health Statistics,Rural Health Statistics in India - 2012,https://data.gov.in/catalog/rural-health-statistics-in-india---2012,15
Rural Health Statistics,Rural Health Statistics in India - 2013,https://data.gov.in/catalog/rural-health-statistics-in-india---2013,15
Rural Health Statistics,Rural Health Statistics in India - 2014,https://data.gov.in/catalog/rural-health-statistics-in-india---2014,15
Performance of key HMIS Indicators (UpTo District Level),Performance of key HMIS Indicators (UpTo District Level) for All Indicators,https://data.gov.in/catalog/performance-of-key-hmis-indicators-(upto-district-level)-for-all-indicators,5
Performance of key HMIS Indicators (UpTo District Level),Performance of key HMIS Indicators (UpTo District Level) for Child Health,https://data.gov.in/catalog/performance-of-key-hmis-indicators-(upto-district-level)-for-child-health,5
Performance of key HMIS Indicators (UpTo District Level),Performance of key HMIS Indicators (UpTo District Level) for Family Planning,https://data.gov.in/catalog/performance-of-key-hmis-indicators-(upto-district-level)-for-family-planning,5
Performance of key HMIS Indicators (UpTo District Level),Performance of key HMIS Indicators (UpTo District Level) for Maternal Health,https://data.gov.in/catalog/performance-of-key-hmis-indicators-(upto-district-level)-for-maternal-health,5
Performance of key HMIS Indicators (UpTo District Level),Performance of key HMIS Indicators (UpTo District Level) for Other Indicators,https://data.gov.in/catalog/performance-of-key-hmis-indicators-(upto-district-level)-for-other-indicators,5
Annual Health Survey,"Annual Health Survey : Clinical, Anthropometric & Bio-chemical (CAB) Survey","https://data.gov.in/catalog/annual-health-survey-:-clinical,-anthropometric-&-bio-chemical-(cab)-survey",4
Annual Health Survey,Annual Health Survey : Combined Household Houselist information,https://data.gov.in/catalog/annual-health-survey-:-combined-household-houselist-information,4
Annual Health Survey,Annual Health Survey : Mortality Schedule,https://data.gov.in/catalog/annual-health-survey-:-mortality-schedule,4
Annual Health Survey,Annual Health Survey : Woman Schedule,https://data.gov.in/catalog/annual-health-survey-:-woman-schedule,4
Health and Family Welfare Statistics,Health and Family Welfare Statistics - 2015,https://data.gov.in/catalog/health-and-family-welfare-statistics---2015,3
Health and Family Welfare Statistics,Health and Family Welfare Statistics - 2017,https://data.gov.in/catalog/health-and-family-welfare-statistics---2017,3
Health and Family Welfare Statistics,Health and Family Welfare Statistics - 2019-20,https://data.gov.in/catalog/health-and-family-welfare-statistics---2019-20,3
Indicator wise Reproductive Child Health (RCH) Report,Indicator wise Reproductive Child Health (RCH) Report: Family Planning,https://data.gov.in/catalog/indicator-wise-reproductive-child-health-(rch)-report:-family-planning,3
Indicator wise Reproductive Child Health (RCH) Report,Indicator wise Reproductive Child Health (RCH) Report: Immunization,https://data.gov.in/catalog/indicator-wise-reproductive-child-health-(rch)-report:-immunization,3
Indicator wise Reproductive Child Health (RCH) Report,Indicator wise Reproductive Child Health (RCH) Report: Maternal Health,https://data.gov.in/catalog/indicator-wise-reproductive-child-health-(rch)-report:-maternal-health,3
District Level Household and Facility Survey,District Level Household and Facility Survey (DLHS-3),https://data.gov.in/catalog/district-level-household-and-facility-survey-(dlhs-3),2
District Level Household and Facility Survey,District Level Household and Facility Survey (DLHS-4),https://data.gov.in/catalog/district-level-household-and-facility-survey-(dlhs-4),2
"Pharmacists, Laboratory Technicians and Nursing Staff At Primary Health Centres and Community Health Centres","Pharmacists, Laboratory Technicians and Nursing Staff At Primary Health Centres & Community Health Centres","https://data.gov.in/catalog/pharmacists,-laboratory-technicians-and-nursing-staff-at-primary-health-centres-&-community-health-centres",2
"Pharmacists, Laboratory Technicians and Nursing Staff At Primary Health Centres and Community Health Centres","Pharmacists, Laboratory Technicians and Nursing Staff At Primary Health Centres and Community Health Centres","https://data.gov.in/catalog/pharmacists,-laboratory-technicians-and-nursing-staff-at-primary-health-centres-and-community-health-centres",2
Age at marriage by state and residence -NFHS  and DLHS,Age at marriage by state and residence -NFHS  and DLHS,https://data.gov.in/catalog/age-at-marriage-by-state-and-residence--nfhs-and-dlhs,1
Age Specific Fertility Rates (ASFR) and Age Specific Marital Fertility Rates (ASMFR),Age Specific Fertility Rates (ASFR) and Age Specific Marital Fertility Rates (ASMFR),https://data.gov.in/catalog/age-specific-fertility-rates-(asfr)-and-age-specific-marital-fertility-rates-(asmfr),1
All India and State-wise Reproductive Child Health (RCH) Report,All India and State-wise Reproductive Child Health (RCH) Report,https://data.gov.in/catalog/all-india-and-state-wise-reproductive-child-health-(rch)-report,1
All India Health Centres Directory,All India Health Centres Directory,https://data.gov.in/catalog/all-india-health-centres-directory,1
Allopathic doctors at Primary Health Centres,Allopathic doctors at Primary Health Centres,https://data.gov.in/catalog/allopathic-doctors-at-primary-health-centres,1
Anaemia among children(6-59 months) by haemoglobin level,Anaemia among children(6-59 months) by haemoglobin level,https://data.gov.in/catalog/anaemia-among-children(6-59-months)-by-haemoglobin-level,1
Ante-natal check-up,Ante-natal check-up,https://data.gov.in/catalog/ante-natal-check-up,1
Bacille Calmette-Gurin (BCG) vaccine for children,Bacille Calmette-Gurin (BCG) vaccine for children,https://data.gov.in/catalog/bacille-calmette-gurin-(bcg)-vaccine-for-children,1
Birth Order 3 and above,Birth Order 3 and above,https://data.gov.in/catalog/birth-order-3-and-above,1
"Building Position for Sub-Centres, Primary Health Centres and Community Health Centres","Building Position for Sub-Centres, Primary Health Centres and Community Health Centres","https://data.gov.in/catalog/building-position-for-sub-centres,-primary-health-centres-and-community-health-centres",1
Causes of Maternal Deaths,Causes of Maternal Deaths,https://data.gov.in/catalog/causes-of-maternal-deaths,1
Child Mortality Rate by residence,Child Mortality Rate by residence,https://data.gov.in/catalog/child-mortality-rate-by-residence,1
Crude Birth Rate India,Crude Birth Rate India,https://data.gov.in/catalog/crude-birth-rate-india,1
Crude Birth Rate(CBR) and Total Fertility Rate(TFR),Crude Birth Rate(CBR) and Total Fertility Rate(TFR),https://data.gov.in/catalog/crude-birth-rate(cbr)-and-total-fertility-rate(tfr),1
Crude Death Rate (CDR) and Infant Mortality Rate (IMR),Crude Death Rate (CDR) and Infant Mortality Rate (IMR),https://data.gov.in/catalog/crude-death-rate-(cdr)-and-infant-mortality-rate-(imr),1
Crude Death Rate India,Crude Death Rate India,https://data.gov.in/catalog/crude-death-rate-india,1
Current Use of Contraceptives Methods by currently married women,Current Use of Contraceptives Methods by currently married women,https://data.gov.in/catalog/current-use-of-contraceptives-methods-by-currently-married-women,1
Demographic estimates for selected countries,Demographic estimates for selected countries,https://data.gov.in/catalog/demographic-estimates-for-selected-countries,1
Demographic Indicators ,Demographic Indicators ,https://data.gov.in/catalog/demographic-indicators,1
District-Wise Availability Of Health Centres In India,District-Wise Availability Of Health Centres In India,https://data.gov.in/catalog/district-wise-availability-of-health-centres-in-india,1
DT 5/DPT 5/DPT Immunisation for Children,DT 5/DPT 5/DPT Immunisation for Children,https://data.gov.in/catalog/dt-5/dpt-5/dpt-immunisation-for-children,1
Early Neo natal Mortality Rates,Early Neo natal Mortality Rates,https://data.gov.in/catalog/early-neo-natal-mortality-rates,1
Estimated Age-Specific Death Rates by Sex,Estimated Age-Specific Death Rates by Sex,https://data.gov.in/catalog/estimated-age-specific-death-rates-by-sex,1
Expectation of life at birth by sex and residence,Expectation of life at birth by sex and residence,https://data.gov.in/catalog/expectation-of-life-at-birth-by-sex-and-residence,1
Female Health Worker and Auxiliary Nurse Midwife(ANM) at Sub Centres and Primary Health Centres(PHCs),Female Health Worker and Auxiliary Nurse Midwife(ANM) at Sub Centres and Primary Health Centres(PHCs),https://data.gov.in/catalog/female-health-worker-and-auxiliary-nurse-midwife(anm)-at-sub-centres-and-primary-health-centres(phcs),1
Fertility Indicators,Fertility Indicators,https://data.gov.in/catalog/fertility-indicators,1
Full Immunisation (children aged 12-23 months) by residence,Full Immunisation (children aged 12-23 months) by residence,https://data.gov.in/catalog/full-immunisation-(children-aged-12-23-months)-by-residence,1
Global Youth Tobacco Survey (GYTS-4),Global Youth Tobacco Survey (GYTS-4),https://data.gov.in/catalog/global-youth-tobacco-survey-(gyts-4),1
Health indicator-wise monthly datasets at sub district level from HMIS ,Health indicator-wise monthly datasets at sub district level from HMIS ,https://data.gov.in/catalog/health-indicator-wise-monthly-datasets-at-sub-district-level-from-hmis,1
HIV prevalence by state (%),HIV prevalence by state (%),https://data.gov.in/catalog/hiv-prevalence-by-state-(%),1
HMIS All India level item wise and month wise comparison of Various Indicators,HMIS All India level item wise and month wise comparison of Various Indicators,https://data.gov.in/catalog/hmis-all-india-level-item-wise-and-month-wise-comparison-of-various-indicators,1
Hospital Directory (National Health Portal),Hospital Directory (National Health Portal),https://data.gov.in/catalog/hospital-directory-(national-health-portal),1
Households that do not generally use government health facilities and specific reasons for not utilizing,Households that do not generally use government health facilities and specific reasons for not utilizing,https://data.gov.in/catalog/households-that-do-not-generally-use-government-health-facilities-and-specific-reasons-for-not-utilizing,1
"India Tuberculosis Report, 2023","India Tuberculosis Report, 2023","https://data.gov.in/catalog/india-tuberculosis-report,-2023",1
Indicators from Annual Health Survey,Indicators from Annual Health Survey,https://data.gov.in/catalog/indicators-from-annual-health-survey,1
Infant Mortality Rate India,Infant Mortality Rate India,https://data.gov.in/catalog/infant-mortality-rate-india,1
Information relating to Maternal Health,Information relating to Maternal Health,https://data.gov.in/catalog/information-relating-to-maternal-health,1
Institutional Delivery,Institutional Delivery,https://data.gov.in/catalog/institutional-delivery,1
Item-wise HMIS report of all States and Districts Across the Months,Item-wise HMIS report of all States and Districts Across the Months,https://data.gov.in/catalog/item-wise-hmis-report-of-all-states-and-districts-across-the-months,1
Key Indicators of National Family Health survey (NFHS),Key Indicators of National Family Health survey (NFHS),https://data.gov.in/catalog/key-indicators-of-national-family-health-survey-(nfhs),1
Key Indicators- District Level Household and Facility Survey,Key Indicators- District Level Household and Facility Survey,https://data.gov.in/catalog/key-indicators--district-level-household-and-facility-survey,1
List of High Priority Districts identified by the department of Health and Family Welfare,List of High Priority Districts identified by the department of Health and Family Welfare,https://data.gov.in/catalog/list-of-high-priority-districts-identified-by-the-department-of-health-and-family-welfare,1
Longitudinal Ageing Study in India (LASI),Longitudinal Ageing Study in India (LASI),https://data.gov.in/catalog/longitudinal-ageing-study-in-india-(lasi),1
Manpower at Primary Health Centres,Manpower at Primary Health Centres,https://data.gov.in/catalog/manpower-at-primary-health-centres,1
Manpower at Sub-Centres and Primary Health Centres,Manpower at Sub-Centres and Primary Health Centres,https://data.gov.in/catalog/manpower-at-sub-centres-and-primary-health-centres,1
Maternal Mortality Ratio India,Maternal Mortality Ratio India,https://data.gov.in/catalog/maternal-mortality-ratio-india,1
MEASLES for children,MEASLES for children,https://data.gov.in/catalog/measles-for-children,1
Medical Termination of Pregnancies performed,Medical Termination of Pregnancies performed,https://data.gov.in/catalog/medical-termination-of-pregnancies-performed,1
Micronutrient intake - Percentage given Vitamin-A Supplements,Micronutrient intake - Percentage given Vitamin-A Supplements,https://data.gov.in/catalog/micronutrient-intake---percentage-given-vitamin-a-supplements,1
Mortality Indicators by residence,Mortality Indicators by residence,https://data.gov.in/catalog/mortality-indicators-by-residence,1
Mothers who consumed Iron-Folic Acid(IFA) for at least 90 days,Mothers who consumed Iron-Folic Acid(IFA) for at least 90 days,https://data.gov.in/catalog/mothers-who-consumed-iron-folic-acid(ifa)-for-at-least-90-days,1
National Family Health Survey (NFHS) - 5 (Provisional),National Family Health Survey (NFHS) - 5 (Provisional),https://data.gov.in/catalog/national-family-health-survey-(nfhs)---5-(provisional),1
National Family Health Survey-5 (NFHS-5) - India Districts Factsheet Data (Provisional),National Family Health Survey-5 (NFHS-5) - India Districts Factsheet Data (Provisional),https://data.gov.in/catalog/national-family-health-survey-5-(nfhs-5)---india-districts-factsheet-data-(provisional),1
Neo-Natal Mortality Rate India ,Neo-Natal Mortality Rate India ,https://data.gov.in/catalog/neo-natal-mortality-rate-india,1
Neo-natal Mortality Rates by residence,Neo-natal Mortality Rates by residence,https://data.gov.in/catalog/neo-natal-mortality-rates-by-residence,1
Number of Government Hospitals and Beds in Rural and Urban Areas,Number of Government Hospitals and Beds in Rural and Urban Areas,https://data.gov.in/catalog/number-of-government-hospitals-and-beds-in-rural-and-urban-areas,1
Number of Newborn Visited Within 24 Hrs of Home Delivery in India,Number of Newborn Visited Within 24 Hrs of Home Delivery in India,https://data.gov.in/catalog/number-of-newborn-visited-within-24-hrs-of-home-delivery-in-india,1
Number of Newborns Breastfed Within 1 Hour in India,Number of Newborns Breastfed Within 1 Hour in India,https://data.gov.in/catalog/number-of-newborns-breastfed-within-1-hour-in-india,1
Number of Newborns Having Weight Less Than 2.5 Kgs in India,Number of Newborns Having Weight Less Than 2.5 Kgs in India,https://data.gov.in/catalog/number-of-newborns-having-weight-less-than-2.5-kgs-in-india,1
Number of Newborns Weighed At Birth,Number of Newborns Weighed At Birth,https://data.gov.in/catalog/number-of-newborns-weighed-at-birth,1
Number of Oral Pill centres functioning and distribution of Oral Pill Cycles,Number of Oral Pill centres functioning and distribution of Oral Pill Cycles,https://data.gov.in/catalog/number-of-oral-pill-centres-functioning-and-distribution-of-oral-pill-cycles,1
Number of persons per 100000 usual household residents suffereing from any Tuberculosis,Number of persons per 100000 usual household residents suffereing from any Tuberculosis,https://data.gov.in/catalog/number-of-persons-per-100000-usual-household-residents-suffereing-from-any-tuberculosis,1
Number of Pregnant Women Received 3 ANC Check-ups in India,Number of Pregnant Women Received 3 ANC Check-ups in India,https://data.gov.in/catalog/number-of-pregnant-women-received-3-anc-check-ups-in-india,1
Number of Primary Health Centres (PHCs) with doctors and without doctor/lab technician/pharmacist,Number of Primary Health Centres (PHCs) with doctors and without doctor/lab technician/pharmacist,https://data.gov.in/catalog/number-of-primary-health-centres-(phcs)-with-doctors-and-without-doctor/lab-technician/pharmacist,1
Number of Still Births in India,Number of Still Births in India,https://data.gov.in/catalog/number-of-still-births-in-india,1
"Number of Sub-Centres, Primary Health Centres (PHCs) and Community Health Centres(CHCs)","Number of Sub-Centres, Primary Health Centres (PHCs) and Community Health Centres(CHCs)","https://data.gov.in/catalog/number-of-sub-centres,-primary-health-centres-(phcs)-and-community-health-centres(chcs)",1
"Number of Sub-Centres, Primary Health Centres and Community Health Centres Established During Five Year Plans","Number of Sub-Centres, Primary Health Centres and Community Health Centres Established During Five Year Plans","https://data.gov.in/catalog/number-of-sub-centres,-primary-health-centres-and-community-health-centres-established-during-five-year-plans",1
Number of subcenters without Auxiliary Nurse Midwife (ANM) or/and Health Workers [Male],Number of subcenters without Auxiliary Nurse Midwife (ANM) or/and Health Workers [Male],https://data.gov.in/catalog/number-of-subcenters-without-auxiliary-nurse-midwife-(anm)-or/and-health-workers-[male],1
Number of tubectomies alongwith total number of tubectomy operations performed,Number of tubectomies alongwith total number of tubectomy operations performed,https://data.gov.in/catalog/number-of-tubectomies-alongwith-total-number-of-tubectomy-operations-performed,1
Number of women and men age 15-49 per 100000 who reported that they have Goitre or other Thyroid Disorder,Number of women and men age 15-49 per 100000 who reported that they have Goitre or other Thyroid Disorder,https://data.gov.in/catalog/number-of-women-and-men-age-15-49-per-100000-who-reported-that-they-have-goitre-or-other-thyroid-disorder,1
Number of women and men aged 15-49 per 100000 who reported that they have asthma,Number of women and men aged 15-49 per 100000 who reported that they have asthma,https://data.gov.in/catalog/number-of-women-and-men-aged-15-49-per-100000-who-reported-that-they-have-asthma,1
Number of women and men aged 15-49 per 100000 who reported that they have Diabetes,Number of women and men aged 15-49 per 100000 who reported that they have Diabetes,https://data.gov.in/catalog/number-of-women-and-men-aged-15-49-per-100000-who-reported-that-they-have-diabetes,1
Number of Women Discharged Under 48 Hrs of Delivery From Public Facility in India ,Number of Women Discharged Under 48 Hrs of Delivery From Public Facility in India ,https://data.gov.in/catalog/number-of-women-discharged-under-48-hrs-of-delivery-from-public-facility-in-india,1
Number of Women Given TT2/Booster in India,Number of Women Given TT2/Booster in India,https://data.gov.in/catalog/number-of-women-given-tt2/booster-in-india,1
Number of Women Having Hemoglobin (Hb) Level Less Than 11 (Tested Cases) in India,Number of Women Having Hemoglobin (Hb) Level Less Than 11 (Tested Cases) in India,https://data.gov.in/catalog/number-of-women-having-hemoglobin-(hb)-level-less-than-11-(tested-cases)-in-india,1
Number of Women Receiving Post Partum Check-Up Within 48 Hours After Delivery in India,Number of Women Receiving Post Partum Check-Up Within 48 Hours After Delivery in India,https://data.gov.in/catalog/number-of-women-receiving-post-partum-check-up-within-48-hours-after-delivery-in-india,1
Numbers of Medical Colleges and MBBS Seats,Numbers of Medical Colleges and MBBS Seats,https://data.gov.in/catalog/numbers-of-medical-colleges-and-mbbs-seats,1
Nutritional Status of Children ,Nutritional Status of Children ,https://data.gov.in/catalog/nutritional-status-of-children,1
Nutritional status of ever-married women(age 15-49) who body mass index is below normal,Nutritional status of ever-married women(age 15-49) who body mass index is below normal,https://data.gov.in/catalog/nutritional-status-of-ever-married-women(age-15-49)-who-body-mass-index-is-below-normal,1
Percent distribution of live births by type of medical attention received by the mother,Percent distribution of live births by type of medical attention received by the mother,https://data.gov.in/catalog/percent-distribution-of-live-births-by-type-of-medical-attention-received-by-the-mother,1
Percentage Distribution of Births By Order of Births By Residence,Percentage Distribution of Births By Order of Births By Residence,https://data.gov.in/catalog/percentage-distribution-of-births-by-order-of-births-by-residence,1
Percentage distribution of households by the source of health care that household members generally use when they get sick,Percentage distribution of households by the source of health care that household members generally use when they get sick,https://data.gov.in/catalog/percentage-distribution-of-households-by-the-source-of-health-care-that-household-members-generally-use-when-they-get-sick,1
Percentage distribution of live births by order of birth,Percentage distribution of live births by order of birth,https://data.gov.in/catalog/percentage-distribution-of-live-births-by-order-of-birth,1
Percentage of children aged 12-35 month received Vitamin-A and Hepatitis-B Injection,Percentage of children aged 12-35 month received Vitamin-A and Hepatitis-B Injection,https://data.gov.in/catalog/percentage-of-children-aged-12-35-month-received-vitamin-a-and-hepatitis-b-injection,1
Percentage of children aged under 3 years received check-up,Percentage of children aged under 3 years received check-up,https://data.gov.in/catalog/percentage-of-children-aged-under-3-years-received-check-up,1
Percentage of children who suffered from diarrhoea and sought advice/treatment,Percentage of children who suffered from diarrhoea and sought advice/treatment,https://data.gov.in/catalog/percentage-of-children-who-suffered-from-diarrhoea-and-sought-advice/treatment,1
Percentage of death by causes related to child birth and pregnancy (Maternal) in Rural Area,Percentage of death by causes related to child birth and pregnancy (Maternal) in Rural Area,https://data.gov.in/catalog/percentage-of-death-by-causes-related-to-child-birth-and-pregnancy-(maternal)-in-rural-area,1
Percentage of women age 15-49 and pregnant women with anaemia,Percentage of women age 15-49 and pregnant women with anaemia,https://data.gov.in/catalog/percentage-of-women-age-15-49-and-pregnant-women-with-anaemia,1
Peri-natal Mortality Rates by residence,Peri-natal Mortality Rates by residence,https://data.gov.in/catalog/peri-natal-mortality-rates-by-residence,1
Polio Immunisation,Polio Immunisation,https://data.gov.in/catalog/polio-immunisation,1
Population Growth- Crude Birth and Death Rates and Sex-ratio,Population Growth- Crude Birth and Death Rates and Sex-ratio,https://data.gov.in/catalog/population-growth--crude-birth-and-death-rates-and-sex-ratio,1
Projected levels of the expectation of life at birth,Projected levels of the expectation of life at birth,https://data.gov.in/catalog/projected-levels-of-the-expectation-of-life-at-birth,1
Projected population characteristics,Projected population characteristics,https://data.gov.in/catalog/projected-population-characteristics,1
Prophylaxis against blindness due to Vitamin A deficiency,Prophylaxis against blindness due to Vitamin A deficiency,https://data.gov.in/catalog/prophylaxis-against-blindness-due-to-vitamin-a-deficiency,1
Prophylaxis against nutritional anaemia among women,Prophylaxis against nutritional anaemia among women,https://data.gov.in/catalog/prophylaxis-against-nutritional-anaemia-among-women,1
Safe Delivery - Births assisted by Doctor/Nurse/LHV/ANM/Other Health Personnel,Safe Delivery - Births assisted by Doctor/Nurse/LHV/ANM/Other Health Personnel,https://data.gov.in/catalog/safe-delivery---births-assisted-by-doctor/nurse/lhv/anm/other-health-personnel,1
Shortfall in Health Infrastructure,Shortfall in Health Infrastructure,https://data.gov.in/catalog/shortfall-in-health-infrastructure,1
State-Wise Achievements in Respect of Condom Users in India,State-Wise Achievements in Respect of Condom Users in India,https://data.gov.in/catalog/state-wise-achievements-in-respect-of-condom-users-in-india,1
State-Wise Achievements in Respect of Intra Uterine Device Insertions in India,State-Wise Achievements in Respect of Intra Uterine Device Insertions in India,https://data.gov.in/catalog/state-wise-achievements-in-respect-of-intra-uterine-device-insertions-in-india,1
State-Wise Achievements in Respect of Oral Pill Users in India,State-Wise Achievements in Respect of Oral Pill Users in India,https://data.gov.in/catalog/state-wise-achievements-in-respect-of-oral-pill-users-in-india,1
State-Wise Achievements in respect of Sterilisations in India,State-Wise Achievements in respect of Sterilisations in India,https://data.gov.in/catalog/state-wise-achievements-in-respect-of-sterilisations-in-india,1
Still Birth Rate India,Still Birth Rate India,https://data.gov.in/catalog/still-birth-rate-india,1
"Sub Divisional Hospitals, District Hospitals and Mobile Medical Units Functioning","Sub Divisional Hospitals, District Hospitals and Mobile Medical Units Functioning","https://data.gov.in/catalog/sub-divisional-hospitals,-district-hospitals-and-mobile-medical-units-functioning",1
Tetanus immunisation for expectant mothers (II+booster),Tetanus immunisation for expectant mothers (II+booster),https://data.gov.in/catalog/tetanus-immunisation-for-expectant-mothers-(ii+booster),1
Tetanus Toxoid (TT) for children,Tetanus Toxoid (TT) for children,https://data.gov.in/catalog/tetanus-toxoid-(tt)-for-children,1
Top 10 causes of death in EAG States- Assam and other state,Top 10 causes of death in EAG States- Assam and other state,https://data.gov.in/catalog/top-10-causes-of-death-in-eag-states--assam-and-other-state,1
Top 10 causes of death in India (age below 1),Top 10 causes of death in India (age below 1),https://data.gov.in/catalog/top-10-causes-of-death-in-india-(age-below-1),1
Total Fertility Rate and Age Specific Fertility Rates by Educational Level of Women,Total Fertility Rate and Age Specific Fertility Rates by Educational Level of Women,https://data.gov.in/catalog/total-fertility-rate-and-age-specific-fertility-rates-by-educational-level-of-women,1
Total Fertility Rate India ,Total Fertility Rate India ,https://data.gov.in/catalog/total-fertility-rate-india,1
"Total Number of Specialists, General Duty Medical Officers - Allopathic and Radiographers At Community Health Centres","Total Number of Specialists, General Duty Medical Officers - Allopathic and Radiographers At Community Health Centres","https://data.gov.in/catalog/total-number-of-specialists,-general-duty-medical-officers---allopathic-and-radiographers-at-community-health-centres",1
Total specialists at Community Health Centres(CHCs),Total specialists at Community Health Centres(CHCs),https://data.gov.in/catalog/total-specialists-at-community-health-centres(chcs),1
Treatment of Acute Respiratory Infection (ARI),Treatment of Acute Respiratory Infection (ARI),https://data.gov.in/catalog/treatment-of-acute-respiratory-infection-(ari),1
Trends in Under Five Mortality Rates - India and Bigger States,Trends in Under Five Mortality Rates - India and Bigger States,https://data.gov.in/catalog/trends-in-under-five-mortality-rates---india-and-bigger-states,1
Two or more TT injections during pregnancy,Two or more TT injections during pregnancy,https://data.gov.in/catalog/two-or-more-tt-injections-during-pregnancy,1
Unmet need for family planning,Unmet need for family planning,https://data.gov.in/catalog/unmet-need-for-family-planning,1
Vaccinations (children aged 12-23 months),Vaccinations (children aged 12-23 months),https://data.gov.in/catalog/vaccinations-(children-aged-12-23-months),1
Vasectomies- Tubectomies and share of Tubectomy in total Sterilisations,Vasectomies- Tubectomies and share of Tubectomy in total Sterilisations,https://data.gov.in/catalog/vasectomies--tubectomies-and-share-of-tubectomy-in-total-sterilisations,1
