state_name,state_id,district_name,lg_dt_code,medium,micro,small,total
"ANDHRA PRADESH",28,GUNTUR,506,142,124076,2183,126401
"ANDHRA PRADESH",28,Kakinada,746,8,73226,228,73462
"ANDHRA PRADESH",28,NTR,749,21,92506,387,92914
"ANDHRA PRADESH",28,PRAKASAM,517,27,84409,770,85206
"ANDHRA PRADESH",28,"WEST GODAVARI",523,121,109859,1707,111687
"ANDHRA PRADESH",28,Y.S.R,504,28,106942,735,107705
"ARUNACHAL PRADESH",12,"DIBANG VALLEY",230,0,172,6,178
"ARUNACHAL PRADESH",12,"EAST KAMENG",231,0,862,6,868
"ARUNACHAL PRADESH",12,"EAST SIANG",232,0,2011,28,2039
"ARUNACHAL PRADESH",12,KAMLE,718,0,261,2,263
"ARUNACHAL PRADESH",12,"KURUNG KUMEY",233,0,335,3,338
"ARUNACHAL PRADESH",12,LONGDING,666,0,428,4,432
"ARUNACHAL PRADESH",12,NAMSAI,678,0,2435,10,2445
"ARUNACHAL PRADESH",12,"PAKKE KESSANG",723,0,177,0,177
"ARUNACHAL PRADESH",12,"PAPUM PARE",237,15,9277,193,9485
"ARUNACHAL PRADESH",12,"WEST KAMENG",242,0,2017,18,2035
ASSAM,18,"DIMA HASAO",299,0,4852,26,4878
ASSAM,18,KARBI-ANGELONG,292,4,14397,73,14474
ASSAM,18,MARIGAON,296,4,28616,79,28699
ASSAM,18,NAGAON,297,19,56819,317,57155
ASSAM,18,UDALGURI,617,0,19705,64,19769
BIHAR,10,ARARIA,188,11,51476,357,51844
BIHAR,10,ARWAL,611,0,10169,38,10207
BIHAR,10,BHOJPUR,193,13,39001,266,39280
BIHAR,10,DARBHANGA,195,13,67084,337,67434
BIHAR,10,JEHANABAD,199,1,16631,94,16726
BIHAR,10,PATNA,212,174,214832,2337,217343
BIHAR,10,PURNIA,214,47,78044,685,78776
BIHAR,10,SARAN,218,12,57648,277,57937
CHHATTISGARH,22,BILASPUR,375,59,63539,772,64370
CHHATTISGARH,22,JASHPUR,380,3,13929,81,14013
CHHATTISGARH,22,KABIRDHAM,382,2,17012,88,17102
CHHATTISGARH,22,KOREA,384,0,9774,58,9832
CHHATTISGARH,22,MUNGELI,647,1,12675,45,12721
CHHATTISGARH,22,SURAJPUR,648,3,12249,86,12338
CHHATTISGARH,22,SURGUJA,389,9,22480,228,22717
GOA,30,"SOUTH GOA",552,26,34918,466,35410
GUJARAT,24,AMRELI,439,34,33186,455,33675
GUJARAT,24,BHAVNAGAR,443,92,85016,1332,86440
GUJARAT,24,NARMADA,452,1,8427,52,8480
GUJARAT,24,PATAN,455,26,30677,397,31100
GUJARAT,24,PORBANDAR,456,12,19909,246,20167
GUJARAT,24,"SABAR KANTHA",458,37,40881,591,41509
HARYANA,6,BHIWANI,59,33,48227,569,48829
HARYANA,6,KARNAL,67,129,100287,1459,101875
HARYANA,6,PANCHKULA,70,46,35047,680,35773
HARYANA,6,SIRSA,74,41,60436,570,61047
"HIMACHAL PRADESH",2,SOLAN,25,111,42000,931,43042
"HIMACHAL PRADESH",2,UNA,26,10,19042,202,19254
JHARKHAND,20,"EAST SINGHBHUM",327,53,77807,937,78797
JHARKHAND,20,"PAKUR ",337,3,11136,78,11217
JHARKHAND,20,"RAMGARH ",607,17,30931,207,31155
JHARKHAND,20,"WEST SINGHBHUM",343,5,22744,115,22864
KARNATAKA,29,BALLARI,528,63,58165,927,59155
KARNATAKA,29,BIDAR,529,18,48763,323,49104
KARNATAKA,29,KALABURAGI,538,31,63868,638,64537
KERALA,32,ERNAKULAM,555,251,143137,3240,146628
KERALA,32,KOLLAM,559,31,72836,894,73761
KERALA,32,PATHANAMTHIPTA,564,13,35125,309,35447
KERALA,32,THRISSUR,566,102,102745,1236,104083
"MADHYA PRADESH",23,BETUL,394,9,41823,208,42040
"MADHYA PRADESH",23,BHOPAL,396,136,151796,1671,153603
"MADHYA PRADESH",23,CHHINDWARA,399,30,62464,413,62907
"MADHYA PRADESH",23,"EAST NIMAR",405,9,33994,300,34303
"MADHYA PRADESH",23,JHABUA,412,5,23465,107,23577
"MADHYA PRADESH",23,KATNI,413,36,29870,432,30338
"MADHYA PRADESH",23,MANDLA,415,1,19547,126,19674
"MADHYA PRADESH",23,RAISEN,421,23,36385,342,36750
"MADHYA PRADESH",23,REWA,424,8,51190,293,51491
"MADHYA PRADESH",23,SAGAR,425,25,62536,430,62991
"MADHYA PRADESH",23,SEONI,428,7,31133,255,31395
"MADHYA PRADESH",23,SINGRAULI,638,5,24336,184,24525
"MADHYA PRADESH",23,UMARIA,436,2,9407,45,9454
MAHARASHTRA,27,AHMEDNAGAR,466,99,280092,1968,282159
MAHARASHTRA,27,CHANDRAPUR,473,40,85128,558,85726
MAHARASHTRA,27,GADCHIROLI,475,7,26987,145,27139
MAHARASHTRA,27,HINGOLI,477,10,42002,241,42253
MAHARASHTRA,27,"MUMBAI ",482,1959,392302,13557,407818
MAHARASHTRA,27,"NAN DED",485,42,121982,738,122762
MAHARASHTRA,27,NANDURBAR,486,13,38679,296,38988
MAHARASHTRA,27,SOLAPUR,496,75,264937,1576,266588
MAHARASHTRA,27,WARDHA,498,59,69926,381,70366
MANIPUR,14,CHURACHANDPUR,254,0,5860,18,5878
MANIPUR,14,KAKCHING,711,1,6392,15,6408
MIZORAM,15,Khawzawl,728,0,567,2,569
NAGALAND,13,Chumoukedima,758,0,3339,3,3342
NAGALAND,13,Niuland,764,0,960,0,960
NAGALAND,13,PEREN,613,0,1660,0,1660
NAGALAND,13,Shamator,765,0,578,0,578
ODISHA,21,ANGUL,344,22,43757,411,44190
ODISHA,21,JHARSUGUDA,357,15,21504,316,21835
ODISHA,21,KENDRAPARA,360,9,45681,150,45840
ODISHA,21,NAYAGARH,367,6,34710,115,34831
ODISHA,21,PURI,369,5,74877,248,75130
ODISHA,21,SONEPUR,372,2,22280,82,22364
PUNJAB,3,BARNALA,605,8,33836,212,34056
PUNJAB,3,GURDASPUR,32,16,60575,309,60900
RAJASTHAN,8,BARAN,89,21,33280,303,33604
RAJASTHAN,8,DHOLPUR,98,6,23038,148,23192
RAJASTHAN,8,"Jaipur Gramin",102,1,20462,47,20510
RAJASTHAN,8,JAISALMER,103,5,25664,136,25805
RAJASTHAN,8,JALORE,104,5,43644,235,43884
RAJASTHAN,8,JHALAWAR,105,7,47467,312,47786
RAJASTHAN,8,Khairthal-Tijara,770,2,9292,17,9311
RAJASTHAN,8,PALI,111,33,81650,653,82336
RAJASTHAN,8,SIKAR,114,19,124454,609,125082
SIKKIM,11,Gangtok,225,10,9248,114,9372
"TAMIL NADU",33,ERODE,573,98,136636,1541,138275
"TAMIL NADU",33,KARUR,576,25,50626,452,51103
"TAMIL NADU",33,MADURAI,578,83,175184,1478,176745
"TAMIL NADU",33,SALEM,584,112,218644,1836,220592
"TAMIL NADU",33,THENI,588,26,65740,435,66201
"TAMIL NADU",33,TIRUPPUR,634,197,196221,3398,199816
"TAMIL NADU",33,TIRUVANNAMALAI,593,25,97067,417,97509
TELANGANA,36,"JAYASHANKAR BHUPALAPALLY",687,2,12456,47,12505
TELANGANA,36,MAHABUBNAGAR,512,18,49220,295,49533
TELANGANA,36,WANAPARTHY,693,1,21491,89,21581
TRIPURA,16,KHOWAI,652,1,9711,24,9736
TRIPURA,16,"WEST TRIPURA",272,32,33871,398,34301
"UTTAR PRADESH",9,AGRA,118,144,180143,1864,182151
"UTTAR PRADESH",9,ALIGARH,119,53,108335,872,109260
"UTTAR PRADESH",9,AMROHA,154,25,37813,290,38128
"UTTAR PRADESH",9,AYODHYA,140,11,54852,331,55194
"UTTAR PRADESH",9,BALLIA,126,11,48344,228,48583
"UTTAR PRADESH",9,BASTI,131,14,44187,260,44461
"UTTAR PRADESH",9,BIJNOR,132,14,63538,375,63927
"UTTAR PRADESH",9,BULANDSHAHAR,134,35,80480,672,81187
"UTTAR PRADESH",9,FIROZABAD,143,25,63535,319,63879
"UTTAR PRADESH",9,GHAZIABAD,145,286,218626,3406,222318
"UTTAR PRADESH",9,JALAUN,151,3,29086,191,29280
"UTTAR PRADESH",9,JAUNPUR,152,12,85792,337,86141
"UTTAR PRADESH",9,JHANSI,153,23,63788,601,64412
"UTTAR PRADESH",9,KANNAUJ,155,3,27934,162,28099
"UTTAR PRADESH",9,KAUSHAMBI,158,1,23324,98,23423
"UTTAR PRADESH",9,PRATAPGARH,174,7,51930,209,52146
"UTTAR PRADESH",9,PRAYAGRAJ,120,60,134770,1033,135863
"UTTAR PRADESH",9,RAMPUR,176,31,54367,395,54793
"UTTAR PRADESH",9,SHRAVASTI,181,1,13664,45,13710
UTTARAKHAND,5,NAINITAL,51,16,44648,471,45135
UTTARAKHAND,5,"RUDRA PRAYAG",54,0,6972,14,6986
UTTARAKHAND,5,UTTARKASHI,57,1,9749,18,9768
"WEST BENGAL",19,BANKURA,305,13,52383,330,52726
"ANDAMAN AND NICOBAR ISLANDS",35,"SOUTH ANDAMANS",602,4,14848,152,15004
CHANDIGARH,4,CHANDIGARH,44,132,61164,1267,62563
"JAMMU AND KASHMIR",1,BUDGAM,2,2,49266,109,49377
"JAMMU AND KASHMIR",1,DODA,4,2,15711,26,15739
"JAMMU AND KASHMIR",1,POONCH,10,0,12269,33,12302
"JAMMU AND KASHMIR",1,SRINAGAR,13,35,89336,617,89988
LAKSHADWEEP,31,"LAKSHADWEEP DISTRICT",553,0,1539,0,1539
"THE DADRA AND NAGAR HAVELI AND DAMAN AND DIU",38,"DADRA AND NAGAR HAVELI",465,79,18205,522,18806
"ANDHRA PRADESH",28,"Alluri Sitharama Raju",745,1,8823,7,8831
"ANDHRA PRADESH",28,Anakapalli,744,6,40787,109,40902
"ANDHRA PRADESH",28,Annamayya,753,3,60921,128,61052
"ANDHRA PRADESH",28,Eluru,748,10,62806,244,63060
"ANDHRA PRADESH",28,KURNOOL,511,41,112956,789,113786
"ANDHRA PRADESH",28,Palnadu,751,3,59768,194,59965
"ANDHRA PRADESH",28,"Sri Sathya Sai",754,5,55643,103,55751
"ANDHRA PRADESH",28,SRIKAKULAM,519,17,63864,408,64289
"ANDHRA PRADESH",28,VISAKHAPATNAM,520,152,123862,1849,125863
"ARUNACHAL PRADESH",12,SIANG,679,1,312,1,314
"ARUNACHAL PRADESH",12,"UPPER SUBANSIRI",241,0,829,5,834
ASSAM,18,CACHAR,282,19,69203,316,69538
ASSAM,18,DARRANG,283,4,38959,172,39135
ASSAM,18,GOLAGHAT,288,3,35799,157,35959
ASSAM,18,HAILAKANDI,289,3,19924,52,19979
ASSAM,18,KAMRUP,291,31,64612,409,65052
ASSAM,18,LAKHIMPUR,295,10,49181,156,49347
ASSAM,18,SONITPUR,301,12,39180,214,39406
BIHAR,10,BEGUSARAI,191,23,59924,357,60304
BIHAR,10,BUXAR,194,6,25938,189,26133
BIHAR,10,GOPALGANJ,197,11,40962,182,41155
BIHAR,10,NAWADA,210,3,34823,160,34986
BIHAR,10,SUPAUL,223,7,45234,199,45440
CHHATTISGARH,22,BALRAMPUR,649,0,9398,38,9436
CHHATTISGARH,22,DHAMTARI,377,6,20969,239,21214
CHHATTISGARH,22,KORBA,383,32,32517,354,32903
CHHATTISGARH,22,NARAYANPUR,637,0,2402,11,2413
CHHATTISGARH,22,SAKTI,762,0,7933,20,7953
GUJARAT,24,JUNAGADH,448,34,54409,796,55239
GUJARAT,24,KACHCHH,449,198,110536,2532,113266
GUJARAT,24,RAJKOT,457,465,272019,5114,277598
GUJARAT,24,VADODARA,461,278,217344,3208,220830
GUJARAT,24,VALSAD,462,141,85683,1617,87441
HARYANA,6,FARIDABAD,60,271,143825,3275,147371
HARYANA,6,KAITHAL,66,34,57938,574,58546
HARYANA,6,NUH,604,6,34648,261,34915
"HIMACHAL PRADESH",2,CHAMBA,16,2,12159,44,12205
"HIMACHAL PRADESH",2,HAMIRPUR,17,2,15692,99,15793
"HIMACHAL PRADESH",2,"LAHUL AND SPITI",21,0,1167,2,1169
JHARKHAND,20,DHANBAD,325,37,80527,732,81296
JHARKHAND,20,DUMKA,326,3,20116,124,20243
JHARKHAND,20,GODDA,330,2,20125,76,20203
JHARKHAND,20,"GUMLA ",331,1,12092,55,12148
JHARKHAND,20,JAMTARA,333,2,11211,29,11242
KARNATAKA,29,DAVANGERE,535,23,66347,570,66940
KARNATAKA,29,GADAG,537,2,33847,231,34080
KARNATAKA,29,KODAGU,541,23,20947,246,21216
KARNATAKA,29,RAICHUR,546,37,47055,718,47810
KARNATAKA,29,TUMAKURU,548,30,98850,870,99750
KARNATAKA,29,YADGIR,635,14,27523,224,27761
"MADHYA PRADESH",23,BARWANI,393,15,31143,228,31386
"MADHYA PRADESH",23,BHIND,395,6,28014,131,28151
"MADHYA PRADESH",23,DINDORI,404,0,10346,36,10382
"MADHYA PRADESH",23,HOSHANGABAD,409,34,36794,309,37137
"MADHYA PRADESH",23,MANDSAUR,416,10,66458,398,66866
"MADHYA PRADESH",23,RAJGARH,422,17,66697,377,67091
"MADHYA PRADESH",23,SEHORE,427,9,51783,331,52123
"MADHYA PRADESH",23,SHIVPURI,432,3,35276,270,35549
"MADHYA PRADESH",23,SIDHI,433,1,18523,81,18605
MAHARASHTRA,27,AMRAVATI,468,44,130895,828,131767
MAHARASHTRA,27,AURANGABAD,469,191,280164,2068,282423
MAHARASHTRA,27,DHULE,474,36,71095,523,71654
MAHARASHTRA,27,GONDIA,476,11,56533,491,57035
MAHARASHTRA,27,JALNA,479,59,102730,555,103344
MAHARASHTRA,27,NAGPUR,484,351,319345,3796,323492
MAHARASHTRA,27,OSMANABAD,488,11,85545,285,85841
MAHARASHTRA,27,YAVATMAL,500,39,91362,542,91943
MANIPUR,14,BISHNUPUR,252,1,14858,25,14884
MANIPUR,14,PHERZAWL,715,0,200,0,200
MANIPUR,14,TAMENGLONG,258,1,1714,8,1723
MEGHALAYA,17,"EASTERN WEST KHASI HILLS",740,0,1051,1,1052
MEGHALAYA,17,"SOUTH GARO HILLS",277,0,2456,9,2465
MEGHALAYA,17,"WEST GARO HILLS",278,1,10216,54,10271
MIZORAM,15,CHAMPHAI,262,0,2639,12,2651
MIZORAM,15,SERCHHIP,268,1,2482,5,2488
NAGALAND,13,KIPHRIE,614,0,1412,1,1413
NAGALAND,13,KOHIMA,245,3,7421,28,7452
NAGALAND,13,Meluri,788,0,81,0,81
NAGALAND,13,MOKOKCHUNG,246,1,3449,8,3458
NAGALAND,13,MON,247,0,3193,5,3198
NAGALAND,13,Noklak,736,0,603,0,603
NAGALAND,13,PHEK,248,0,2420,1,2421
NAGALAND,13,Tseminyu,757,0,575,0,575
NAGALAND,13,TUENSANG,249,0,2065,0,2065
NAGALAND,13,ZUNHEBOTO,251,0,2093,3,2096
ODISHA,21,BARGARH,347,13,49122,254,49389
ODISHA,21,DEOGARH,351,1,8810,20,8831
ODISHA,21,JAGATSINGHPUR,355,4,40447,192,40643
ODISHA,21,JAJAPUR,356,18,56466,468,56952
ODISHA,21,NABARANGPUR,366,8,18809,143,18960
ODISHA,21,NUAPADA,368,0,15475,72,15547
PUNJAB,3,AMRITSAR,27,78,134383,1246,135707
PUNJAB,3,FIROZEPUR,31,12,47306,237,47555
PUNJAB,3,MALERKOTLA,737,3,15831,43,15877
PUNJAB,3,RUPNAGAR,42,10,31469,180,31659
PUNJAB,3,SANGRUR,43,26,67659,632,68317
PUNJAB,3,"SAS NAGAR",608,125,120481,1334,121940
PUNJAB,3,"SHAHID BHAGAT SINGH NAGAR",40,5,31910,111,32026
RAJASTHAN,8,AJMER,86,73,150937,1371,152381
RAJASTHAN,8,Balotra,775,3,9763,63,9829
RAJASTHAN,8,Beawar,774,4,12818,39,12861
RAJASTHAN,8,BIKANER,93,73,121722,1385,123180
RAJASTHAN,8,Deeg,767,0,7356,10,7366
RAJASTHAN,8,Dudu,102,0,1249,4,1253
RAJASTHAN,8,GANGANAGAR,100,66,107050,824,107940
RAJASTHAN,8,"Jodhpur Gramin",107,2,6163,20,6185
RAJASTHAN,8,KARAULI,108,2,26963,120,27085
RAJASTHAN,8,TONK,116,13,50385,387,50785
SIKKIM,11,Namchi,227,3,4758,31,4792
"TAMIL NADU",33,Chengalpattu,730,16,105679,442,106137
"TAMIL NADU",33,KANNIYAKUMARI,575,26,106755,602,107383
"TAMIL NADU",33,Mayiladuthurai,735,3,34234,84,34321
"TAMIL NADU",33,PERAMBALUR,581,7,21927,162,22096
"TAMIL NADU",33,THIRUVARUR,590,5,53679,192,53876
"TAMIL NADU",33,TIRUCHIRAPPALLI,591,45,135295,947,136287
TELANGANA,36,HYDERABAD,507,1021,305857,7885,314763
TELANGANA,36,JANGOAN,689,1,20090,94,20185
TELANGANA,36,"KOMARAM BHEEM ASIFABAD",699,2,14594,49,14645
TELANGANA,36,MEDAK,513,18,32145,274,32437
TELANGANA,36,NALGONDA,514,36,86092,506,86634
TELANGANA,36,"YADADRI BHUVANAGIRI",697,8,38636,179,38823
TRIPURA,16,UNAKOTI,655,0,9951,36,9987
"UTTAR PRADESH",9,AZAMGARH,123,7,103625,334,103966
"UTTAR PRADESH",9,FARRUKHABAD,141,1,31318,167,31486
"UTTAR PRADESH",9,MAHARAJGANJ,164,12,43939,209,44160
"UTTAR PRADESH",9,MAINPURI,166,4,37618,237,37859
"UTTAR PRADESH",9,MIRZAPUR,170,14,48320,289,48623
"UTTAR PRADESH",9,"RAE BARELI",175,10,57583,290,57883
"UTTAR PRADESH",9,SAMBHAL,659,99,38805,488,39392
"UTTAR PRADESH",9,SHAMLI,660,8,37249,165,37422
"UTTAR PRADESH",9,UNNAO,186,14,45494,252,45760
UTTARAKHAND,5,DEHRADUN,49,64,123688,1058,124810
UTTARAKHAND,5,"TEHRI GARHWAL",55,6,14473,71,14550
UTTARAKHAND,5,"UDHAM SINGH NAGAR",56,80,87688,1220,88988
"WEST BENGAL",19,HOOGHLY,312,43,118845,975,119863
"WEST BENGAL",19,"NORTH 24 PRAGANAS",303,129,254379,2102,256610
"WEST BENGAL",19,"PASCHIM BARDHAMAN",704,73,73705,919,74697
"WEST BENGAL",19,PURULIA,321,7,35871,231,36109
"WEST BENGAL",19,"UTTAR DINAJPUR",311,15,61489,572,62076
"ANDAMAN AND NICOBAR ISLANDS",35,NIKOBARS,603,0,676,2,678
DELHI,7,"NEW DELHI",79,309,72915,2401,75625
DELHI,7,NORTH,80,221,68550,2808,71579
DELHI,7,WEST,85,253,147633,3202,151088
"JAMMU AND KASHMIR",1,SAMBA,624,23,15704,193,15920
"THE DADRA AND NAGAR HAVELI AND DAMAN AND DIU",38,DAMAN,463,55,8326,371,8752
"ANDHRA PRADESH",28,Bapatla,750,5,42796,134,42935
"ANDHRA PRADESH",28,"EAST GODAVARI",505,97,107713,1444,109254
"ANDHRA PRADESH",28,Konaseema,747,10,48797,142,48949
"ANDHRA PRADESH",28,Nandyal,755,6,62182,188,62376
"ANDHRA PRADESH",28,"Parvathipuram Manyam",743,0,13877,43,13920
"ANDHRA PRADESH",28,Tirupati,752,18,79491,241,79750
"ANDHRA PRADESH",28,VIZIANAGARAM,521,19,57210,362,57591
"ARUNACHAL PRADESH",12,ANJAW,628,0,231,2,233
"ARUNACHAL PRADESH",12,Bichom,787,0,22,0,22
"ARUNACHAL PRADESH",12,CHANGLANG,229,0,1679,15,1694
"ARUNACHAL PRADESH",12,LOHIT,234,1,1293,9,1303
"ARUNACHAL PRADESH",12,"SHI YOMI",725,0,136,0,136
"ARUNACHAL PRADESH",12,"WEST SIANG",243,0,1098,19,1117
ASSAM,18,BONGAIGAON,281,7,24563,138,24708
ASSAM,18,DIBRUGARH,286,8,44908,322,45238
ASSAM,18,GOALPARA,287,5,28901,139,29045
ASSAM,18,JORHAT,290,17,32566,277,32860
ASSAM,18,NALBARI,298,8,37060,96,37164
ASSAM,18,SIVASAGAR,300,6,28831,163,29000
ASSAM,18,TAMULPUR,756,0,5355,8,5363
BIHAR,10,AURANGABAD,189,5,42199,266,42470
BIHAR,10,BANKA,190,1,32677,101,32779
BIHAR,10,KISHANGANJ,203,7,27011,149,27167
BIHAR,10,MADHUBANI,206,7,68368,251,68626
BIHAR,10,MUNGER,207,2,25483,70,25555
BIHAR,10,"PASHCHIM  CHAMPARAN",211,5,63289,275,63569
BIHAR,10,SAHARSA,216,8,34876,170,35054
CHHATTISGARH,22,BEMETARA,650,3,15763,79,15845
CHHATTISGARH,22,DANTEWADA,376,0,5146,33,5179
CHHATTISGARH,22,GARIABAND,645,2,13093,41,13136
CHHATTISGARH,22,"Gaurella Pendra Marwahi",734,0,5162,27,5189
CHHATTISGARH,22,KONDAGAON,643,2,10821,64,10887
CHHATTISGARH,22,MAHASAMUND,385,2,25233,187,25422
CHHATTISGARH,22,"MOHLA MANPUR AMBAGARH CHOUKI",761,0,2958,1,2959
CHHATTISGARH,22,SUKMA,642,0,2485,17,2502
GOA,30,"NORTH GOA",551,53,52924,659,53636
GUJARAT,24,ARVALLI,672,3,21650,206,21859
GUJARAT,24,"BANAS KANTHA",441,57,78107,1069,79233
GUJARAT,24,DOHAD,445,11,35193,258,35462
GUJARAT,24,GANDHINAGAR,446,101,67749,1218,69068
GUJARAT,24,KHEDA,450,26,54798,453,55277
GUJARAT,24,MAHISAGAR,669,1,13717,55,13773
GUJARAT,24,NAVSARI,453,23,42962,461,43446
HARYANA,6,GURUGRAM,62,565,173397,4691,178653
HARYANA,6,JHAJJAR,64,37,36117,881,37035
HARYANA,6,PALWAL,619,24,36998,404,37426
HARYANA,6,YAMUNANAGAR,76,29,67444,874,68347
"HIMACHAL PRADESH",2,KANGRA,18,15,43641,362,44018
"HIMACHAL PRADESH",2,KULLU,20,3,25489,99,25591
JHARKHAND,20,"BOKARO ",322,26,60656,409,61091
JHARKHAND,20,DEOGHAR,324,15,35563,206,35784
JHARKHAND,20,"HAZARIBAG ",332,14,54990,271,55275
JHARKHAND,20,"KHUNTI ",606,0,7348,29,7377
JHARKHAND,20,"KODERMA ",334,11,22180,103,22294
JHARKHAND,20,PALAMU,338,7,29667,184,29858
JHARKHAND,20,"RANCHI ",339,98,126113,1389,127600
KARNATAKA,29,BELAGAVI,527,64,174743,1146,175953
KARNATAKA,29,CHIKKAMAGALURU,532,18,39764,382,40164
KARNATAKA,29,"DAKSHIN KANNAD",534,80,97425,1216,98721
KARNATAKA,29,DHARWAD,536,72,92223,947,93242
KARNATAKA,29,KOPPAL,543,10,36458,486,36954
KARNATAKA,29,MANDYA,544,7,59199,419,59625
KARNATAKA,29,RAMANAGARA,631,20,45460,339,45819
KARNATAKA,29,UDUPI,549,48,57644,608,58300
KARNATAKA,29,VIJAYAPURA,530,37,64834,578,65449
KERALA,32,IDUKKI,556,19,36622,407,37048
KERALA,32,MALAPPURAM,562,44,98319,1100,99463
"MADHYA PRADESH",23,BALAGHAT,392,5,41181,218,41404
"MADHYA PRADESH",23,DAMOH,400,5,24134,144,24283
"MADHYA PRADESH",23,DATIA,401,1,18891,126,19018
"MADHYA PRADESH",23,DEWAS,402,26,65954,390,66370
"MADHYA PRADESH",23,GUNA,406,11,47031,267,47309
"MADHYA PRADESH",23,GWALIOR,407,66,102896,1037,103999
"MADHYA PRADESH",23,HARDA,408,5,17528,144,17677
"MADHYA PRADESH",23,Maihar,784,1,3044,13,3058
"MADHYA PRADESH",23,MAUGANJ,766,0,2802,2,2804
"MADHYA PRADESH",23,NEEMUCH,419,16,35979,302,36297
"MADHYA PRADESH",23,Pandhurna,785,0,3158,6,3164
"MADHYA PRADESH",23,RATLAM,423,21,64472,533,65026
"MADHYA PRADESH",23,SATNA,426,22,45191,382,45595
"MADHYA PRADESH",23,SHAHDOL,429,1,22489,127,22617
"MADHYA PRADESH",23,TIKAMGARH,434,7,19019,138,19164
MAHARASHTRA,27,BEED,470,42,117251,588,117881
MAHARASHTRA,27,BULDHANA,472,38,114699,612,115349
MAHARASHTRA,27,JALGAON,478,111,185476,1268,186855
MAHARASHTRA,27,KOLHAPUR,480,169,280161,2439,282769
MAHARASHTRA,27,"MUMBAI SUBURBAN",483,1070,505445,8857,515372
MAHARASHTRA,27,NASHIK,487,195,372509,3631,376335
MAHARASHTRA,27,RAIGAD,491,121,242178,1723,244022
MAHARASHTRA,27,SATARA,494,66,182319,958,183343
MAHARASHTRA,27,SINDHUDURG,495,3,56373,127,56503
MAHARASHTRA,27,WASHIM,499,16,44997,252,45265
MANIPUR,14,KAMJONG,717,0,724,0,724
MANIPUR,14,THOUBAL,259,1,15221,35,15257
MEGHALAYA,17,"NORTH GARO HILLS",656,1,2310,6,2317
MIZORAM,15,MAMIT,266,0,1386,4,1390
ODISHA,21,BALANGIR,345,15,42918,278,43211
ODISHA,21,CUTTACK,350,67,112688,1064,113819
ODISHA,21,GANJAM,354,16,107517,678,108211
ODISHA,21,KENDUJHAR,361,54,49275,450,49779
ODISHA,21,KHORDHA,362,178,150004,1940,152122
ODISHA,21,KORAPUT,363,4,33731,219,33954
PUNJAB,3,BATHINDA,28,41,72996,684,73721
PUNJAB,3,FAZILKA,651,28,43003,310,43341
PUNJAB,3,HOSHIARPUR,33,12,68190,377,68579
PUNJAB,3,JALANDHAR,34,100,152884,1531,154515
PUNJAB,3,PATHANKOT,662,8,25535,209,25752
PUNJAB,3,PATIALA,41,70,122729,923,123722
PUNJAB,3,"SRI MUKTSAR SAHIB",39,15,39486,290,39791
PUNJAB,3,"TARN TARAN",609,6,37849,122,37977
RAJASTHAN,8,ALWAR,87,155,141084,1669,142908
RAJASTHAN,8,BHARATPUR,91,23,55465,473,55961
RAJASTHAN,8,BHILWARA,92,87,133408,1176,134671
RAJASTHAN,8,CHURU,96,11,78200,329,78540
RAJASTHAN,8,DAUSA,97,10,55075,256,55341
RAJASTHAN,8,"Didwana Kuchaman",768,2,18071,18,18091
RAJASTHAN,8,JODHPUR,107,117,188982,2356,191455
RAJASTHAN,8,PRATAPGARH,629,1,24808,110,24919
RAJASTHAN,8,Sanchor,104,0,2004,7,2011
RAJASTHAN,8,UDAIPUR,117,79,124678,1192,125949
SIKKIM,11,Mangan,226,0,1233,5,1238
SIKKIM,11,Pakyong,741,0,2246,7,2253
SIKKIM,11,Soreng,742,0,1516,1,1517
"TAMIL NADU",33,CHENNAI,568,901,436320,9285,446506
"TAMIL NADU",33,Kallakurichi,729,8,39685,141,39834
"TAMIL NADU",33,KRISHNAGIRI,577,54,116575,1055,117684
"TAMIL NADU",33,RAMANATHAPURAM,583,9,56332,223,56564
"TAMIL NADU",33,SIVAGANGA,585,13,57801,267,58081
"TAMIL NADU",33,Tenkasi,733,2,52409,192,52603
"TAMIL NADU",33,TIRUNELVELI,592,24,95901,628,96553
TELANGANA,36,"JOGULAMBA GADWAL",695,1,18531,97,18629
TELANGANA,36,KARIMNAGAR,508,18,68667,473,69158
TELANGANA,36,MAHABUBABAD,688,4,25864,114,25982
TRIPURA,16,GOMATI,654,2,14256,56,14314
TRIPURA,16,"NORTH TRIPURA",270,1,15588,55,15644
TRIPURA,16,"SOUTH TRIPURA",271,5,12097,50,12152
"UTTAR PRADESH",9,AURAIYA,122,2,24485,134,24621
"UTTAR PRADESH",9,BAHRAICH,125,21,45190,335,45546
"UTTAR PRADESH",9,BALRAMPUR,127,1,22452,118,22571
"UTTAR PRADESH",9,BARABANKI,129,24,53956,433,54413
"UTTAR PRADESH",9,"GAUTAM BUDDHA NAGAR",144,461,200859,4021,205341
"UTTAR PRADESH",9,GORAKHAPUR,148,61,112465,1128,113654
"UTTAR PRADESH",9,KUSHINAGAR,160,11,53508,287,53806
"UTTAR PRADESH",9,MAU,168,3,58000,155,58158
"UTTAR PRADESH",9,MEERUT,169,86,154348,1362,155796
"UTTAR PRADESH",9,SHAHJAHANPUR,180,27,51533,453,52013
UTTARAKHAND,5,ALMORA,45,2,14877,36,14915
UTTARAKHAND,5,CHAMOLI,47,0,11750,20,11770
UTTARAKHAND,5,PITHORAGARH,53,1,12355,40,12396
"WEST BENGAL",19,DARJEELING,309,50,60534,988,61572
"WEST BENGAL",19,KOLKOTA,315,1048,183764,8596,193408
"WEST BENGAL",19,"PURBA BARDHAMAN",306,29,102348,1066,103443
"WEST BENGAL",19,"SOUTH 24 PRAGANAS",304,113,177086,1020,178219
"ANDAMAN AND NICOBAR ISLANDS",35,"NORTH AND MIDDLE ANDAMAN",632,0,2853,4,2857
DELHI,7,"NORTH WEST",82,502,190253,5511,196266
"JAMMU AND KASHMIR",1,GANDERBAL,626,1,25650,39,25690
"JAMMU AND KASHMIR",1,KATHUA,7,17,25602,177,25796
"JAMMU AND KASHMIR",1,KUPWARA,8,6,29371,62,29439
"JAMMU AND KASHMIR",1,PULWAMA,11,23,35370,227,35620
"JAMMU AND KASHMIR",1,RAMBAN,621,1,11608,26,11635
"JAMMU AND KASHMIR",1,SHOPIAN,625,2,15132,72,15206
LADAKH,37,KARGIL,6,0,5442,23,5465
LADAKH,37,"LEH LADAKH",9,3,9041,90,9134
"THE DADRA AND NAGAR HAVELI AND DAMAN AND DIU",38,DIU,464,0,1098,22,1120
"ANDHRA PRADESH",28,ANANTHAPUR,502,33,123592,756,124381
"ANDHRA PRADESH",28,CHITOOR,503,45,100143,789,100977
"ANDHRA PRADESH",28,KRISHNA,510,109,111681,1992,113782
"ARUNACHAL PRADESH",12,"Keyi Panyor",786,0,178,3,181
"ARUNACHAL PRADESH",12,"KRA DAADI",677,0,353,2,355
"ARUNACHAL PRADESH",12,LEPARADA,724,0,428,3,431
"ARUNACHAL PRADESH",12,"LOWER DIBANG VALLEY",235,0,1375,13,1388
"ARUNACHAL PRADESH",12,"LOWER SIANG",719,0,460,6,466
"ARUNACHAL PRADESH",12,"LOWER SUBANSIRI",236,1,1550,10,1561
"ARUNACHAL PRADESH",12,TIRAP,239,0,470,8,478
"ARUNACHAL PRADESH",12,"UPPER SIANG",240,0,342,3,345
ASSAM,18,BAJALI,739,1,5220,18,5239
ASSAM,18,BARPETA,280,20,50506,204,50730
ASSAM,18,CHARAIDEO,708,5,12570,42,12617
ASSAM,18,DHUBRI,285,10,43442,164,43616
ASSAM,18,HOJAI,709,3,26966,101,27070
ASSAM,18,"KAMRUP METRO",618,187,82834,2110,85131
ASSAM,18,KARIMGANJ,293,4,31675,144,31823
ASSAM,18,KOKRAJHAR,294,8,25636,96,25740
ASSAM,18,MAJULI,706,0,4964,5,4969
ASSAM,18,TINSUKIA,302,13,43839,362,44214
ASSAM,18,"WEST KARBI ANGLONG",710,102,4749,17,4868
BIHAR,10,"KAIMUR (BHABUA)",200,6,21124,286,21416
BIHAR,10,KHAGARIA,202,14,28733,174,28921
BIHAR,10,LAKHISARAI,204,1,14942,80,15023
BIHAR,10,ROHTAS,215,9,49157,409,49575
BIHAR,10,SHEOHAR,220,2,10804,24,10830
BIHAR,10,SIWAN,222,1,49293,230,49524
CHHATTISGARH,22,BALOD,646,3,17937,92,18032
CHHATTISGARH,22,"BALOD BAZAR",644,3,24343,303,24649
CHHATTISGARH,22,BASTAR,374,5,18840,158,19003
CHHATTISGARH,22,JANJGIR-CHAMPA,379,10,33518,221,33749
CHHATTISGARH,22,"KHAIRGARH CHHUIKHADAN GANDAI",759,0,5282,7,5289
CHHATTISGARH,22,RAJNANDAGAON,388,15,34288,327,34630
CHHATTISGARH,22,"SARANGARH BILAIGARH",763,0,6834,8,6842
GUJARAT,24,ANAND,440,36,73607,701,74344
GUJARAT,24,BHARUCH,442,82,67536,1366,68984
GUJARAT,24,BOTAD,676,16,16378,294,16688
GUJARAT,24,CHHOTAUDEPUR,668,4,11844,86,11934
GUJARAT,24,"PANCH MAHALS",454,27,35513,324,35864
HARYANA,6,AMBALA,58,46,64620,759,65425
HARYANA,6,PANIPAT,71,88,84166,2064,86318
HARYANA,6,REWARI,72,43,36286,625,36954
HARYANA,6,SONIPAT,75,128,65269,1523,66920
"HIMACHAL PRADESH",2,BILASPUR,15,3,13382,77,13462
"HIMACHAL PRADESH",2,MANDI,22,8,32550,189,32747
"HIMACHAL PRADESH",2,SIRMAUR,24,49,19153,309,19511
JHARKHAND,20,GIRIDIH,329,11,52036,227,52274
JHARKHAND,20,LATEHAR,335,3,11407,47,11457
JHARKHAND,20,"LOHARDAGA ",336,2,10926,45,10973
JHARKHAND,20,SAHEBGANJ,340,2,16161,102,16265
JHARKHAND,20,"SIMDEGA ",342,0,7353,31,7384
KARNATAKA,29,BAGALKOT,524,13,59720,350,60083
KARNATAKA,29,"BENGALURU (RURAL)",526,142,117256,1519,118917
KARNATAKA,29,"BENGALURU (URBAN)",525,1342,639665,14078,655085
KARNATAKA,29,CHAMARAJNAGAR,531,5,27755,166,27926
KARNATAKA,29,CHIKBALLAPUR,630,12,45359,315,45686
KARNATAKA,29,CHITRADURGA,533,19,48377,364,48760
KARNATAKA,29,HAVERI,540,17,53263,400,53680
KARNATAKA,29,KOLAR,542,32,53965,497,54494
KARNATAKA,29,MYSURU,545,62,144613,1299,145974
KARNATAKA,29,"UTTAR KANNAD",550,2,54110,310,54422
KERALA,32,KASARAGOD,558,12,37955,297,38264
KERALA,32,KOZHIKODE,561,95,102610,1091,103796
KERALA,32,PALAKKAD,563,44,88558,847,89449
KERALA,32,WAYANAD,567,10,29290,276,29576
"MADHYA PRADESH",23,ALIRAJPUR,639,0,10207,41,10248
"MADHYA PRADESH",23,CHHATARPUR,398,7,35282,284,35573
"MADHYA PRADESH",23,KHARGONE,414,16,53463,369,53848
"MADHYA PRADESH",23,MORENA,417,25,42990,273,43288
"MADHYA PRADESH",23,SHEOPUR,431,1,9546,98,9645
"MADHYA PRADESH",23,UJJAIN,435,24,100618,640,101282
"MADHYA PRADESH",23,VIDISHA,437,10,47649,328,47987
MAHARASHTRA,27,AKOLA,467,53,88161,682,88896
MAHARASHTRA,27,BHANDARA,471,9,63373,201,63583
MAHARASHTRA,27,LATUR,481,71,120541,805,121417
MAHARASHTRA,27,SANGLI,493,70,173329,1298,174697
MANIPUR,14,"IMPHAL WEST",256,9,34975,200,35184
MANIPUR,14,JIRIBAM,713,0,584,1,585
MANIPUR,14,SENAPATI,257,1,5367,13,5381
MANIPUR,14,UKHRUL,260,0,3143,6,3149
MEGHALAYA,17,"SOUTH WEST  GARO HILLS",663,0,2456,6,2462
MEGHALAYA,17,"WEST JAINTIA HILLS",275,0,5172,14,5186
MEGHALAYA,17,"WEST KHASI HILLS",279,0,2547,8,2555
MIZORAM,15,AIZAWL,261,6,19738,158,19902
MIZORAM,15,KOLASIB,263,0,3028,14,3042
MIZORAM,15,LAWNGTLAI,264,0,1329,4,1333
MIZORAM,15,LUNGLEI,265,1,3442,11,3454
MIZORAM,15,SAIHA,267,0,628,4,632
NAGALAND,13,WOKHA,250,0,2982,6,2988
ODISHA,21,BHADRAK,348,12,56698,212,56922
ODISHA,21,BOUDH,349,0,11668,46,11714
ODISHA,21,DHENKANAL,352,4,38131,190,38325
ODISHA,21,RAYAGADA,370,1,19892,116,20009
PUNJAB,3,"FATEHGARH SAHIB",30,208,32210,1407,33825
PUNJAB,3,LUDHIANA,36,410,278371,5846,284627
RAJASTHAN,8,BANSWARA,88,12,40154,194,40360
RAJASTHAN,8,BARMER,90,52,71928,912,72892
RAJASTHAN,8,Gangapurcity,113,0,2239,7,2246
RAJASTHAN,8,HANUMANGARH,101,15,78637,460,79112
RAJASTHAN,8,JAIPUR,102,593,570498,7465,578556
RAJASTHAN,8,"Neem Ka Thana",114,1,3443,12,3456
RAJASTHAN,8,Salumbar,777,0,2790,2,2792
RAJASTHAN,8,Shahpura,92,0,1390,2,1392
RAJASTHAN,8,SIROHI,115,14,35735,243,35992
SIKKIM,11,Gyalshing,228,0,2192,6,2198
"TAMIL NADU",33,ARIYALUR,610,9,33002,133,33144
"TAMIL NADU",33,CUDDALORE,570,30,119722,525,120277
"TAMIL NADU",33,DINDIGUL,572,39,111008,755,111802
"TAMIL NADU",33,PUDUKKOTTAI,582,14,71764,357,72135
"TAMIL NADU",33,THIRUVALLUR,589,132,166992,1842,168966
"TAMIL NADU",33,TUTICORIN,594,39,88342,693,89074
"TAMIL NADU",33,VIRUDHUNAGAR,597,64,98106,923,99093
TELANGANA,36,ADILABAD,501,8,29219,163,29390
TELANGANA,36,Hanumakonda,686,27,46807,515,47349
TELANGANA,36,MANCHERIAL,684,4,39448,139,39591
TELANGANA,36,"MEDCHAL MALKAJGIRI",700,191,174335,2917,177443
TELANGANA,36,NAGARKURNOOL,694,1,27298,116,27415
TELANGANA,36,Nirmal,680,7,30072,123,30202
TELANGANA,36,PEDDAPALLI,682,3,31251,183,31437
TELANGANA,36,"RAJANNA SIRCILLA",683,1,27998,57,28056
TELANGANA,36,"RANGA REDDI",518,276,212598,3108,215982
TELANGANA,36,SANGAREDDY,691,57,64818,582,65457
TELANGANA,36,SIDDIPET,692,12,50401,271,50684
TELANGANA,36,VIKARABAD,698,3,31139,130,31272
TELANGANA,36,Warangal,522,12,46774,197,46983
"UTTAR PRADESH",9,AMETHI,640,11,33780,171,33962
"UTTAR PRADESH",9,BAREILLY,130,62,122439,952,123453
"UTTAR PRADESH",9,BHADOHI,179,2,39089,157,39248
"UTTAR PRADESH",9,BUDAUN,133,10,45569,291,45870
"UTTAR PRADESH",9,CHANDAULI,135,31,38701,269,39001
"UTTAR PRADESH",9,DEORIA,137,8,55889,245,56142
"UTTAR PRADESH",9,ETAH,138,11,32147,267,32425
"UTTAR PRADESH",9,HAMIRPUR,149,9,19371,139,19519
"UTTAR PRADESH",9,HAPUR,661,35,44865,483,45383
"UTTAR PRADESH",9,"KANPUR NAGAR",157,206,176248,2770,179224
"UTTAR PRADESH",9,KASGANJ,633,5,23416,158,23579
"UTTAR PRADESH",9,"LAKHIMPUR KHERI",159,10,52133,368,52511
"UTTAR PRADESH",9,LUCKNOW,162,227,256044,3116,259387
"UTTAR PRADESH",9,MORADABAD,171,33,101079,716,101828
"UTTAR PRADESH",9,MUZAFFARNAGAR,172,71,87136,762,87969
"UTTAR PRADESH",9,PILIBHIT,173,6,42247,206,42459
"UTTAR PRADESH",9,"SANT KABEER NAGAR",178,9,29943,136,30088
"UTTAR PRADESH",9,SIDDHARTHNAGAR,182,3,34179,174,34356
"UTTAR PRADESH",9,SITAPUR,183,7,55037,323,55367
"UTTAR PRADESH",9,SULTANPUR,185,3,41058,197,41258
"UTTAR PRADESH",9,VARANASI,187,88,173247,1470,174805
UTTARAKHAND,5,BAGESHWAR,46,1,5957,8,5966
UTTARAKHAND,5,CHAMPAWAT,48,1,7766,31,7798
UTTARAKHAND,5,"PAURI GARHWAL",52,7,16178,74,16259
"WEST BENGAL",19,BIRBHUM,307,13,71086,502,71601
"WEST BENGAL",19,COOCHBEHAR,308,6,60995,292,61293
"WEST BENGAL",19,HOWRAH,313,95,125616,1817,127528
"WEST BENGAL",19,JALPAIGURI,314,22,59205,525,59752
"WEST BENGAL",19,KALIMPONG,702,1,7605,14,7620
"WEST BENGAL",19,MALDA,316,15,87080,479,87574
"WEST BENGAL",19,MURSHIDABAD,319,27,141949,840,142816
DELHI,7,EAST,78,200,108356,2703,111259
DELHI,7,SHAHDARA,671,28,22104,378,22510
DELHI,7,"SOUTH ",83,462,115424,3542,119428
DELHI,7,"SOUTH WEST",84,245,109563,2452,112260
"JAMMU AND KASHMIR",1,KISHTWAR,620,0,8884,22,8906
"JAMMU AND KASHMIR",1,KULGAM,622,2,20918,51,20971
PUDUCHERRY,34,PONDICHERRY,600,48,50520,532,51100
PUDUCHERRY,34,YANAM,600,4,798,22,824
"ANDHRA PRADESH",28,"SPSR NELLORE",515,59,109246,1111,110416
"ARUNACHAL PRADESH",12,TAWANG,238,1,842,17,860
ASSAM,18,BAKSA,616,3,18584,38,18625
ASSAM,18,Biswanath,705,2,20305,79,20386
ASSAM,18,CHIRANG,612,6,13332,54,13392
ASSAM,18,DHEMAJI,284,1,22269,78,22348
ASSAM,18,"SOUTH SALMARA MANCACHAR",707,1,10317,27,10345
BIHAR,10,BHAGALPUR,192,17,73570,373,73960
BIHAR,10,GAYA,196,15,85933,464,86412
BIHAR,10,JAMUI,198,4,28327,108,28439
BIHAR,10,KATIHAR,201,9,58324,324,58657
BIHAR,10,MADHEPURA,205,8,34623,203,34834
BIHAR,10,MUZAFFARPUR,208,33,115091,778,115902
BIHAR,10,NALANDA,209,4,50537,254,50795
BIHAR,10,"PURBI  CHAMPARAN",213,76,103049,575,103700
BIHAR,10,SAMASTIPUR,217,13,82159,416,82588
BIHAR,10,SHEIKHPURA,219,1,11199,40,11240
BIHAR,10,SITAMARHI,221,10,56483,223,56716
BIHAR,10,VAISHALI,224,11,75047,314,75372
CHHATTISGARH,22,BIJAPUR,636,1,3009,9,3019
CHHATTISGARH,22,DURG,378,93,70082,955,71130
CHHATTISGARH,22,KANKER,381,1,16093,88,16182
CHHATTISGARH,22,"MANENDRAGARH CHIRIMIRI BHARATPUR",760,0,5058,13,5071
CHHATTISGARH,22,RAIGARH,386,63,35039,514,35616
CHHATTISGARH,22,RAIPUR,387,405,128001,3208,131614
GUJARAT,24,AHMADABAD,438,1218,582931,13013,597162
GUJARAT,24,DANG,444,0,2370,12,2382
GUJARAT,24,"DEVBHOOMI DWARKA",674,8,17459,184,17651
GUJARAT,24,"GIR SOMNATH",675,6,30530,349,30885
GUJARAT,24,JAMNAGAR,447,98,73142,1430,74670
GUJARAT,24,MAHESANA,451,203,65894,1973,68070
GUJARAT,24,MORBI,673,237,54815,2459,57511
GUJARAT,24,SURAT,459,717,569682,11288,581687
GUJARAT,24,SURENDRANAGAR,460,34,45354,549,45937
GUJARAT,24,TAPI,641,10,13358,146,13514
HARYANA,6,"CHARKI DADRI",701,8,11391,118,11517
HARYANA,6,FATEHABAD,61,27,44117,453,44597
HARYANA,6,HISAR,63,94,83768,1128,84990
HARYANA,6,JIND,65,25,54868,604,55497
HARYANA,6,KURUKSHETRA,68,26,65959,520,66505
HARYANA,6,MAHENDRAGARH,69,11,30901,308,31220
HARYANA,6,ROHTAK,73,58,46158,724,46940
"HIMACHAL PRADESH",2,KINNAUR,19,1,3878,10,3889
"HIMACHAL PRADESH",2,SHIMLA,23,5,35673,254,35932
JHARKHAND,20,CHATRA,323,0,22135,73,22208
JHARKHAND,20,"GARHWA ",328,0,18599,92,18691
JHARKHAND,20,"SERAIKELA-KHARSAWAN  ",341,43,25578,366,25987
KARNATAKA,29,HASSAN,539,26,66570,666,67262
KARNATAKA,29,SHIVAMOGGA,547,27,70383,618,71028
KARNATAKA,29,VIJAYANAGAR,738,2,25341,136,25479
KERALA,32,ALAPPUZHA,554,16,62072,589,62677
KERALA,32,KANNUR,557,39,77776,716,78531
KERALA,32,KOTTAYAM,560,46,58519,837,59402
KERALA,32,THIRUVANANTHAPURAM,565,50,128967,1108,130125
"MADHYA PRADESH",23,"AGAR MALWA",667,5,27091,123,27219
"MADHYA PRADESH",23,ANUPPUR,390,2,13910,62,13974
"MADHYA PRADESH",23,ASHOKNAGAR,391,4,24836,146,24986
"MADHYA PRADESH",23,BURHANPUR,397,7,23851,171,24029
"MADHYA PRADESH",23,DHAR,403,71,72668,664,73403
"MADHYA PRADESH",23,INDORE,410,337,260932,4440,265709
"MADHYA PRADESH",23,JABALPUR,411,47,91706,899,92652
"MADHYA PRADESH",23,NARSINGHPUR,418,10,29934,232,30176
"MADHYA PRADESH",23,NIWARI,722,1,5350,34,5385
"MADHYA PRADESH",23,PANNA,420,0,16507,53,16560
"MADHYA PRADESH",23,SHAJAPUR,430,41,42897,216,43154
MAHARASHTRA,27,PALGHAR,665,105,222102,1735,223942
MAHARASHTRA,27,PARBHANI,489,26,72167,338,72531
MAHARASHTRA,27,PUNE,490,1057,1060078,11813,1072948
MAHARASHTRA,27,RATNAGIRI,492,10,86787,332,87129
MAHARASHTRA,27,THANE,497,633,717463,8527,726623
MANIPUR,14,CHANDEL,253,2,2070,12,2084
MANIPUR,14,"IMPHAL EAST",255,1,29228,89,29318
MANIPUR,14,KANGPOKPI,712,0,3049,1,3050
MANIPUR,14,NONEY,714,0,1250,2,1252
MANIPUR,14,TENGNOUPAL,716,1,1424,0,1425
MEGHALAYA,17,"EAST GARO HILLS",273,2,2904,8,2914
MEGHALAYA,17,"EAST JAINTIA HILLS",657,2,3718,36,3756
MEGHALAYA,17,"EAST KHASI HILLS",274,15,16628,211,16854
MEGHALAYA,17,"RI BHOI",276,12,4738,61,4811
MEGHALAYA,17,"SOUTH WEST KHASI HILLS",658,0,1783,2,1785
MIZORAM,15,Hnahthial,726,0,482,1,483
MIZORAM,15,Saitual,727,0,888,0,888
NAGALAND,13,DIMAPUR,244,12,13801,119,13932
NAGALAND,13,LONGLENG,615,0,1213,0,1213
ODISHA,21,BALESHWAR,346,16,85518,480,86014
ODISHA,21,GAJAPATI,353,2,11804,40,11846
ODISHA,21,KALAHANDI,358,6,33598,222,33826
ODISHA,21,KANDHAMAL,359,3,15747,45,15795
ODISHA,21,"MALKANGIRI  ",364,0,15028,64,15092
ODISHA,21,MAYURBHANJ,365,4,54760,272,55036
ODISHA,21,SAMBALPUR,371,17,34565,391,34973
ODISHA,21,SUNDARGARH,373,107,58787,875,59769
PUNJAB,3,FARIDKOT,29,13,33414,175,33602
PUNJAB,3,KAPURTHALA,35,14,48738,282,49034
PUNJAB,3,MANSA,37,5,31189,202,31396
PUNJAB,3,MOGA,38,17,57113,287,57417
RAJASTHAN,8,Anoopgarh,100,0,4158,10,4168
RAJASTHAN,8,BUNDI,94,21,36738,244,37003
RAJASTHAN,8,CHITTORGARH,95,14,73071,499,73584
RAJASTHAN,8,DUNGARPUR,99,4,32440,97,32541
RAJASTHAN,8,JHUNJHUNU,106,13,86363,390,86766
RAJASTHAN,8,Kekri,86,0,1730,4,1734
RAJASTHAN,8,KOTA,109,70,100698,1245,102013
RAJASTHAN,8,Kotputli-Behror,782,4,13950,22,13976
RAJASTHAN,8,NAGAUR,110,22,109231,721,109974
RAJASTHAN,8,Phalodi,772,2,7731,20,7753
RAJASTHAN,8,RAJSAMAND,112,4,54925,239,55168
RAJASTHAN,8,"SAWAI MADHOPUR",113,2,35008,232,35242
"TAMIL NADU",33,COIMBATORE,569,395,302879,4571,307845
"TAMIL NADU",33,DHARMAPURI,571,13,89871,321,90205
"TAMIL NADU",33,KANCHIPURAM,574,214,128724,1758,130696
"TAMIL NADU",33,NAGAPATTINAM,579,2,37123,147,37272
"TAMIL NADU",33,NAMAKKAL,580,100,101840,1317,103257
"TAMIL NADU",33,Ranipet,731,5,50143,158,50306
"TAMIL NADU",33,THANJAVUR,586,26,112377,604,113007
"TAMIL NADU",33,"THE NILGIRISH",587,9,36834,142,36985
"TAMIL NADU",33,Tirupathur,732,2,56612,121,56735
"TAMIL NADU",33,VELLORE,595,34,108674,704,109412
"TAMIL NADU",33,VILLUPURAM,596,23,97884,489,98396
TELANGANA,36,"BHADRADRI KOTHAGUDEM",690,3,38589,185,38777
TELANGANA,36,Jagitial,681,3,38666,141,38810
TELANGANA,36,KAMAREDDY,685,5,33373,140,33518
TELANGANA,36,KHAMMAM,509,15,64166,440,64621
TELANGANA,36,Mulugu,720,1,7729,34,7764
TELANGANA,36,Narayanpet,721,0,12606,39,12645
TELANGANA,36,NIZAMABAD,516,24,76106,399,76529
TELANGANA,36,SURYAPET,696,6,47312,290,47608
TRIPURA,16,DHALAI,269,2,9055,20,9077
TRIPURA,16,SEPAHIJALA,653,4,13036,68,13108
"UTTAR PRADESH",9,"AMBEDAKAR NAGAR",121,4,47689,198,47891
"UTTAR PRADESH",9,BAGHPAT,124,3,41976,163,42142
"UTTAR PRADESH",9,BANDA,128,3,22800,154,22957
"UTTAR PRADESH",9,CHITRAKOOT,136,9,14988,92,15089
"UTTAR PRADESH",9,ETAWAH,139,8,34847,230,35085
"UTTAR PRADESH",9,FATEHPUR,142,5,36152,236,36393
"UTTAR PRADESH",9,GHAZIPUR,146,12,70542,261,70815
"UTTAR PRADESH",9,GONDA,147,15,54291,285,54591
"UTTAR PRADESH",9,HARDOI,150,12,58815,332,59159
"UTTAR PRADESH",9,HATHRAS,163,19,35394,322,35735
"UTTAR PRADESH",9,"KANPUR DEHAT",156,9,31819,235,32063
"UTTAR PRADESH",9,LALITPUR,161,12,23708,171,23891
"UTTAR PRADESH",9,MAHOBA,165,7,16784,152,16943
"UTTAR PRADESH",9,MATHURA,167,34,104457,750,105241
"UTTAR PRADESH",9,SAHARANPUR,177,24,119428,628,120080
"UTTAR PRADESH",9,SONBHADRA,184,14,33744,273,34031
UTTARAKHAND,5,HARIDWAR,50,95,86395,993,87483
"WEST BENGAL",19,ALIPURDUAR,664,5,32179,185,32369
"WEST BENGAL",19,"DAKSHIN DINAJPUR",310,5,30013,169,30187
"WEST BENGAL",19,"EAST MEDINIPUR",317,32,143514,1091,144637
"WEST BENGAL",19,Jhargram,703,2,16061,68,16131
"WEST BENGAL",19,NADIA,320,14,111870,589,112473
"WEST BENGAL",19,"WEST MEDINIPUR",318,30,111244,795,112069
DELHI,7,CENTRAL,77,388,71622,3741,75751
DELHI,7,"NORTH EAST",81,65,77788,936,78789
DELHI,7,"SOUTH EAST",670,88,44523,821,45432
"JAMMU AND KASHMIR",1,ANANTNAG,1,23,54379,208,54610
"JAMMU AND KASHMIR",1,BANDIPORA,623,4,18394,21,18419
"JAMMU AND KASHMIR",1,BARAMULLA,3,4,50448,155,50607
"JAMMU AND KASHMIR",1,JAMMU,5,67,82647,989,83703
"JAMMU AND KASHMIR",1,RAJOURI,12,1,16651,65,16717
"JAMMU AND KASHMIR",1,REASI,627,1,10895,48,10944
"JAMMU AND KASHMIR",1,UDHAMPUR,14,3,17194,80,17277
PUDUCHERRY,34,KARAIKAL,598,5,9942,88,10035
PUDUCHERRY,34,MAHE,600,2,725,27,754
